Numero d'inventario;Autore;Titolo;Data;Materia e tecnica;Dimensioni;Descrizione;Percorso
Q 36;Masaccio;La crocifissione;1426;Tempera e oro su tavola;Misure senza cornice: 83x65x5,5 cm Misure con cornice: 98x78,5x12,6 cm;"La tavola fu acquistata nel 1901, in seguito a una lunga trattativa condotta con un privato che ne dichiarava la proprietà tra le raccolte di famiglia, e destinata al patrimonio del Museo Nazionale di Napoli. Già apprezzata come opera di ignoto fiorentino, venne nel 1906 ricondotta da Wilhelm Suida alla produzione di Masaccio: si trattava della cimasa del polittico commissionato nel 1426 al pittore da ser Giuliano di Colino di Pietro degli Scarsi, per la cappella dedicata a san Giuliano nella chiesa carmelitana di Pisa. L’opera venne smembrata alla fine del Cinquecento. La composizione si realizza tutta nella definizione delle quattro figure rappresentate sul Golgota: la Madonna, di profilo a sinistra, vestita di azzurro, con le dita serrate e legate nel suo dolore; san Giovanni, sul lato opposto, accentua lo spasimo della sofferenza che culmina nelle mani giunte; la Maddalena di spalle in primo piano manifesta il dolore allargando le braccia verso la croce; infine, Cristo crocifisso, rappresentato nell’abbandono di un corpo privo di vita, reso naturale grazie a una prospettiva molto scorciata. Nonostante il persistere del fondo oro – impiegato su richiesta del committente – vi è un’innovativa saldezza dei volumi sui quali Masaccio disegna la luce. Si tratta di un linguaggio privo di retorica che ridefinisce i canoni della rappresentazione sacra: il senso drammatico è reso in una composizione nella quale non vi è nulla in più di quel che è necessario. L’opera è esposta per documentare il Rinascimento toscano e l’attività di quegli artisti dai quali prese avvio il nuovo linguaggio pittorico, in grado di rielaborare morfologie e temi dell’antichità, razionalizzare lo spazio – anche grazie allo studio analitico della prospettiva – e promuovere, infine, un più rigoroso studio della figura umana.";1 - Q 36 Masaccio_Crocifissione_ph.L.Romano_0779
Q 56;Giovanni Bellini;La Trasfigurazione;1478-1479;Olio su tavola ;Misure senza cornice: 115x152 cm misure con cornice: 150x185x10 cm;La Trasfigurazione, uno dei vertici della collezione di Capodimonte e del corpus belliniano, è stata identificata con la pala d’altare commissionata da Alberto Fioccardo per la cappella di famiglia nel duomo di Vicenza, di cui era arciprete. Nel 1613 la cappella venne trasformata per ospitare le reliquie dei santi patroni vicentini, e probabilmente, in quella occasione, la pala venne rimossa. L’opera è menzionata negli inventari della famiglia Farnese sin dal XVII secolo, sebbene non siano note le circostanze di acquisizione. Seguì le vicende del patrimonio farnesiano, prima con il trasferimento da Roma a Parma, e poi a Napoli nel XVIII secolo. La datazione della tavola si ricava dalla presenza della cifra 5239, in ebraico, su entrambi i cartigli retti dai profeti Mosè ed Elia. Tale anno del calendario ebraico corrisponde, in quello romano, al periodo tra il settembre-ottobre 1478 e gli stessi mesi del 1479, confermando quanto già intuito dalla critica in base all’analisi stilistica. Bellini aveva già trattato il tema della Trasfigurazione di Cristo in una versione giovanile, nella quale è ancora evidente l’influenza mantegnesca. Questa seconda versione si caratterizza per un’inusuale composizione della scena, più libera ma sapientemente equilibrata, in cui trovano posto edifici monumentali, episodi di vita contadina e un campionario di varietà botaniche, dispiegato soprattutto in primo piano. La figura monumentale di Cristo, nella posa bizantina dell’orante e avvolto in candide vesti, e dal quale pare irradiarsi una calda luce dorata, dona alla rappresentazione un’atmosfera di solenne spiritualità. Il confronto con altre opere dello stesso autore permette di apprezzare l’evoluzione del suo stile, in particolare nella resa del paesaggio, di cui diventerà uno straordinario interprete.;2 - Giovanni Bellini_Trasfigurazione_ph.L.Romano_0738
Q 20;Colantonio;San Girolamo;1445-1450;Olio su tavola;Misure senza cornice: 125x150,4x6 cm Misure con cornice: 152x177x14,5 cm;Collocato nella tribuna della chiesa francescana di San Lorenzo Maggiore, il dipinto formava, insieme al San Francesco che dona la regola al primo e secondo ordine francescano, il polittico che ornava l’altare di san Girolamo, databile intorno alla metà del Quattrocento. Completavano il retablo due pilastrini laterali con Beati francescani, successivamente dispersi e confluiti in collezioni private. L’opera è una mirabile sintesi della vita di san Girolamo: identificato come santo grazie all’aureola e come padre della Chiesa per il galero cardinalizio poggiato in basso a sinistra, è anche rappresentato, pur essendo vissuto tra il IV e il V secolo d.C., con indosso un saio marrone francescano, richiamo all’ordine mendicante insediatosi nella chiesa di San Lorenzo di Napoli. San Girolamo tradusse la Bibbia nella moderna Vulgata, e a tale impresa allude l’interno in cui è collocato il santo: uno studiolo in cui libri e suppellettili sono disposti in quello che risulta il rifugio di un intellettuale. Ogni oggetto è trattato con una sorprendente capacità mimetica, dai libri agli oggetti per la scrittura, fino al topolino in basso a destra che rosicchia un pezzetto di carta. L’episodio saliente della sua agiografia, l’incontro col leone nel deserto al quale cura una zampa ferita da una spina, è rappresentato dall’artista in questo interno umanistico. È la cultura fiamminga a orientare l’opera, sotto l’influenza di maestri attivi a Napoli presso la corte angioina. L’identificazione di Colantonio come autore della tavola, in passato messa in dubbio, è stata confermata grazie a una testimonianza coeva che la cita come capolavoro del maestro. Con la soppressione monastica dell’inizio dell’Ottocento, la tavola entra nelle collezioni museali.;3 - Colantonio_San Girolamo nello studio_Capodimonte_ph.L.Romano_2359
Q 58;Jacopo de' Barbari, attr.;Ritratto di Luca Pacioli con un allievo;1495;Olio su tavola;Misure senza cornice: 99x120 cm Misure con cornice: 120,5x139,5x11,7 cm;Tra i dipinti più rappresentativi dell’Umanesimo rinascimentale, questo doppio ritratto rivela una grande complessità di riferimenti alla cultura scientifica e matematica del suo tempo. La provenienza urbinate della tavola è confermata dal manoscritto Vite de’ matematici di Bernardino Baldi, che lo menziona tra le opere presenti nel Palazzo Ducale. La datazione si ricava invece dal cartiglio dipinto. Al centro della scena è Luca Pacioli, insigne matematico e frate francescano, intento a illustrare a un allievo un passaggio degli Elementi di Euclide. Sullo scrittoio si trovano alcuni strumenti e una copia della più nota opera di Pacioli, la Summa de arithmetica, geometria, proportioni et proportionalità, la cui iscrizione sul dorso è stata sciolta in Liber Reverendi Lucae Burgensis o Liber Regularum Lucae Burgensis. Nel giovane elegante alle spalle del frate è stato per lo più riconosciuto Guidobaldo da Montefeltro, figlio di Federico duca di Urbino, e dedicatario della Summa. Nel dipinto figurano due solidi geometrici: a destra un dodecaedro ligneo, ovvero uno dei cinque solidi descritti da Platone nel Timeo, oggetto che Pacioli aveva donato a Guidobaldo durante un soggiorno a Roma nel 1489. In sospensione a sinistra, un rombicubottaedro di cristallo, un solido inventato dallo stesso frate, per metà ripieno d’acqua, sulle cui facce è riflesso per tre volte un edificio architettonico, identificato dai più con il Palazzo Ducale di Urbino, nonché la piccola sagoma di un armigero. L’autore della tavola, che dimostra un’assoluta padronanza della prospettiva e un’estrema perizia pittorica e si firma nel cartiglio, viene tradizionalmente identificato in Jacopo de’ Barbari, grande incisore veneziano e amico di Albrecht Dürer, sebbene sia recentemente emersa una diversa attribuzione al meno conosciuto Jacometto Veneziano.;4 - Jacopo de'Barbari attr._Ritratto di Luca Pacioli_ph.L.Romano_3954
Q 57;Lorenzo Lotto;Ritratto del vescovo Bernardo de'Rossi;1505;Olio su tavola;Misure senza cornice: 54,7x41,3 cm Misure con cornice: 85,5x71x13 cm;"Il dipinto è menzionato nell’inventario dei beni che il committente, Bernardo de’ Rossi, vescovo di Treviso dal 1499 al 1510, redasse mentre era a Venezia nel 1511. Nel 1527 il prelato, primo mecenate del pittore, moriva nella natìa Parma, e i Farnese probabilmente acquistarono dai suoi eredi sia il ritratto che una Sacra Conversazione con san Pietro Martire, dipinta anch’essa da Lotto e tuttora nelle collezioni di Capodimonte. Un’Allegoria del Vizio e della Virtù, oggi alla National Gallery di Washington, di dimensioni pressoché identiche, con lo stesso stemma di famiglia e citata nei beni del de’ Rossi, è stata identificata come sovraccoperta del ritratto, o forse si trattava di un dittico; certamente ne costituiva il commento morale. Sul verso dell’Allegoria un’iscrizione, oggi perduta, riportava i nomi dell’artista e del committente, nonché la data di realizzazione, il 1505. La tavola, seppur opera giovanile del pittore, già dimostra le doti di grande ritrattista per cui Lotto verrà spesso ricercato dai committenti. Guardando ai modelli precedenti di Giovanni Bellini e Alvise Vivarini, realizza un’immagine dettagliata nella resa fisionomica, accentuata dalla forte illuminazione frontale che mette in risalto l’incarnato, arricchendola di una penetrante e moderna indagine psicologica. Lo sguardo dritto verso l’osservatore, le labbra serrate ma pronte ad aprirsi, il pugno chiuso intorno alla pergamena, con l’anello di famiglia in primo piano, restituiscono l’impressione di un uomo risoluto. In passato, quando l’identità dell’effigiato e dell’artista erano state dimenticate, il ritratto fu attribuito a Jacopo de’ Barbari.";5 - Lorenzo Lotto_Ritratto  di Bernardo de Rossi_0750
Q 112;Rosso Fiorentino;Ritratto di giovane;1524-26;Olio su tela;Misure senza cornice: 120x86 cm Misure con cornice: 150x118x14 cm;Un giovane di aggressiva timidezza siede in modo informale sull’orlo di un tavolo, accanto a un camino decorato, mentre la luce che giunge da sinistra ne illumina solo parte del viso e lo sbuffo bianco della camicia merlettata sotto la giubba. L’angolo scelto per la posa lascia intuire un ambiente carico di arazzi e tendaggi, fino al panno anatolico con quadrilobi e rosoni uncinati che prolunga idealmente il ritratto nello spazio reale. A uno sguardo attento, il dipinto rivela almeno tre ritratti: quello del giovane in primo piano, il mascherone scolpito sul camino alla sua sinistra e la figura di cavaliere con corno raffigurata sull’arazzo a parete.  Negli anni precedenti al sacco di Roma, l’artista immagina uno spettatore in grado di cogliere il senso di questa raffinata operazione pittorica, in cui la bellezza idealizzata del giovane si confronta con il volto mostruoso scolpito, ispirato alla tradizione michelangiolesca. Il dipinto, già attribuito ad altri artisti, è stato infine ricondotto all’autore grazie al riconoscimento di uno stile caratterizzato da libertà espressiva e licenze poetiche, come si nota nell’aspetto volutamente incompiuto di alcune parti, tra cui le mani nervose e deformate.  Eseguito negli anni Venti del Cinquecento, il dipinto mostra l’evoluzione dello stile dell’artista alla vigilia della sua partenza per la Francia. Secondo un’ipotesi interpretativa recente, il giovane ritratto potrebbe essere Giampaolo dell’Anguillara, condottiero al servizio del papa e poi di Francesco I di Francia. La tela sarebbe stata iniziata attorno al 1525-1526, forse presso la tenuta di famiglia a Cerveteri, e poi lasciata incompiuta.  Questo capolavoro delle collezioni farnesiane conferma l’importanza del ritratto nella tradizione artistica italiana e il ruolo centrale che continua a occupare nella pinacoteca di Capodimonte.;6 - Q 112 Rosso Fiorentino_Ritratto di giovane seduto con tappeto_ph.Luciano Romano_8414567
Q 111;Parmigianino;Ritratto di Galeazzo Sanvitale;1524;Olio su tavola;Misure senza cornice: 128,5 x 100,5 x 13 cm Misure con cornice: 108 x 80 cm;Seduto su una sedia “savonarola”, il conte Galeazzo Sanvitale si volge con un’accentuata torsione del busto verso l’osservatore. È l’immagine della raffinatezza: indossa una giacca nera alla francese, elegante e ampia, e un berretto scarlatto ornato da una spilla decorativa che copre i suoi capelli castano-dorati, raccolti in una particolare barba riccia. Nella mano guantata tiene una medaglia di bronzo con la cifra “72”, mentre la mano nuda porta un anello d’oro e si appoggia sull’elsa di una spada con impugnatura a conchiglia.  Il dipinto fu realizzato nel 1524, quando l’artista si trovava a Fontanellato. L’armatura lucida, le armi e l’abbigliamento alludono alla condizione di condottiero di Galeazzo, che aveva militato al servizio dei francesi durante le campagne italiane. Anche il suo stesso nome evoca la professione militare, richiamando il termine latino galea, ovvero “elmo”. La medaglia nella sua mano è stata letta come simbolo di cultura e sapienza, forse riferita a questioni astrologiche o a significati ermetici.  Questo ritratto, eseguito quando il conte aveva ventotto anni, riflette l’interesse per le figure eleganti e i dettagli preziosi, propri del gusto aristocratico italiano del Cinquecento.;7 - Parmigianino_Ritratto di Galeazzo Sanvitale_Capodimonte_ph.L.Romano_10948
Q 108;Parmigianino;Ritratto di giovane donna detto “Antea”;1535 ca.;Olio su tela ;Misure senza cornice: 138x86 cm Misure con cornice: 157,5x107,5x8 cm;Considerata tra le immagini emblematiche della “maniera” italiana cinquecentesca, l’Antea racchiude le distorsioni anatomiche e l’emotività sospesa tipiche dell’artista. Apparentemente immobile, all’astratta bellezza e all’immobilità del volto ovale della figura si contrappone la lieve rotazione antioraria del corpo e il leggero spostamento della gamba sinistra sotto la voluminosa gonna. Il braccio destro, sproporzionatamente allargato, sostiene la sontuosa pelliccia di martora o di zibellino drappeggiata sulla spalla, mentre le dita allungate si infilano nella catena d’oro al collo.  L’artista ha evidenziato i dettagli della superficie dell’opera – la lucentezza delle gemme, la brillantezza della seta, la morbidezza della pelliccia – comunicando una dimensione tattile degli oggetti. Il dipinto rappresenta una delle punte più alte delle eccentriche sperimentazioni ottiche di Parmigianino, di cui aveva già dato prova nel celebre Autoritratto allo specchio.  Il nome della giovane donna è ancora ignoto, e nel tempo sono state avanzate varie ipotesi: figlia, amante o serva dell’artista. L’abbigliamento, in particolare lo “zinale” o grembiule ricamato, gli accessori e i sontuosi rubini e perle hanno portato alcuni a pensare che si tratti di una sposa aristocratica dell’Italia settentrionale, mentre altri hanno suggerito che la figura rappresenti un ideale di bellezza petrarchesca.;8 - Q 108 Parmigianino Antea_ph.L.Romano_10938
Q 125;Parmigianino;Lucrezia;1540 circa;Olio su tela ;Misure senza cornice: 68x52 cm Misure con cornice: 82x67x8 cm;L’episodio tragico di Lucrezia si svolse nel VI secolo a.C. durante il regno di Tarquinio il Superbo, l’ultimo re di Roma. Il figlio più giovane del re, Sesto Tarquinio, entrò segretamente nella stanza della matrona romana, minacciando di uccidere lei e il suo servo se non si fosse sottomessa a lui. Sebbene il padre e il marito la credessero innocente, Lucrezia chiese loro di giurare vendetta sul suo onore prima di conficcarsi un pugnale nel cuore. Lo stupro e il suicidio di Lucrezia scatenarono una rivolta che portò alla caduta della tirannia monarchica e all’ascesa della Repubblica.  Parmigianino rappresenta il momento culminante della vicenda: sola, su uno sfondo nero, Lucrezia si conficca un pugnale ingioiellato nel petto, con le labbra aperte in un ultimo sussulto di vita mentre un fiotto di sangue le attraversa le guance. L’artista ritrae la matrona nei suoi ultimi momenti, il tragico destino di una donna costretta a scegliere tra l’onore e la vita.  I toni freddi dell’incarnato e il profilo affilato hanno portato a discutere sull’attribuzione dell’opera, ma un disegno preparatorio relativo alla fibbia raffigurante Diana cacciatrice, dea della castità, che chiude le vesti di Lucrezia, conferma la paternità di Parmigianino. I tessuti cangianti, le forme allungate e le raffinate rappresentazioni della bellezza femminile furono caratteristiche adottate anche dai suoi seguaci a Parma, dimostrando l’importanza dell’artista nel corso del Cinquecento e nel collezionismo europeo dell’età moderna.;9 - Parmigianino_Lucrezia_Capodimonte_ph.L.Romano__3676
Q 122;Girolamo Mazzola Bedoli;Santa Chiara;1535-1540 circa;Olio su tela;Misure senza cornice: 96x73 cm Misure con cornice: 116x95,50 cm;L’opera fu realizzata dall’artista per l’altare della chiesa di Santa Maria Annunziata a Viadana, in provincia di Mantova, e venduta il 27 agosto 1713 al duca di Parma Francesco Farnese. Entrò così nelle collezioni farnesiane come opera attribuita al Parmigianino, di cui l’autore era stato allievo e parente, avendo sposato la cugina del maestro. Nel 1734 la pala d’altare venne trasferita dal Palazzo Ducale di Parma a Napoli, dove fu sempre catalogata come opera del Parmigianino. Solo tra la fine del Settecento e l’inizio dell’Ottocento l’attribuzione venne corretta e l’opera venne riconosciuta come realizzata dal suo vero autore.  La scena sacra è dominata da una luce intima che definisce le pose plastiche dei protagonisti, enfatizzando i gesti e le espressioni dei volti e sottolineando l’ambientazione notturna. La resa degli oggetti di scena, dei panneggi e dei drappi mostra chiaramente l’influenza della maniera di Giulio Romano, che l’artista poté studiare durante il suo soggiorno a Mantova negli anni Cinquanta del Cinquecento. Questi elementi permettono di collocare l’opera nel periodo maturo dell’autore.;10 - Girolamo Mazzoli Bedoli_Santa Chiara_ph.Luciano Romano_0620
Q 134;Tiziano;Danae;1544- 1545;Olio su tela;Misure senza cornice: 120x172 cm Misure con cornice:160x212x1 4 cm;Il pittore Tiziano stava lavorando a un quadro raffigurante Danae, figlia del re di Argo, rinchiusa in una torre per sfuggire a una profezia che prevedeva la morte del padre per mano del nipote. Danae, sdraiata tra cuscini e lenzuola, accoglie con pudore e sensualità la pioggia dorata, trasformazione di Giove, che la feconda dando origine al semidio Perseo. Il volto di Danae rappresenta una donna chiamata Angela, amante del cardinale Alessandro Farnese, committente dell’opera.  Tiziano utilizza il colore e la luce per creare pose e volumi ispirati alla statuaria classica e agli artisti come Correggio e Michelangelo. L’erotismo della figura di Danae è tale che, nel corso dei secoli, il dipinto fu collocato in una sezione speciale del museo Borbonico dedicata alle opere oscene, visitabile solo con permesso. Durante la Seconda Guerra mondiale, il quadro fu trafugato dai nazisti e regalato a Göring, ma fu poi salvato dai minatori che impedirono che venisse distrutto.;11 - Tiziano Vecellio_Danae_Capodimonte_ph.L.Romano_0722
Q 365;Annibale Carracci;Ercole al bivio;1596;Olio su tela ;Misure senza cornice: 165x239 cm Misure con cornice: 193x263,5x 14,5 cm;Il dipinto rappresenta Ercole, simbolo del giovane Odoardo Farnese, che si trova ai margini di un bosco davanti a due figure femminili che incarnano il Vizio e la Virtù. La donna del Vizio, vestita in modo sensuale, offre all’eroe oggetti che rappresentano i piaceri facili e ingannevoli come dadi, carte, strumenti musicali e maschere teatrali. La Virtù, invece, appare con abiti più sobri e tiene una spada, indicando un sentiero difficile e roccioso che conduce alla gloria e alla vita virtuosa.  Il giovane Ercole sembra tentato dal Vizio, ma il suo sguardo è rivolto verso la Virtù, suggerendo la scelta finale per la via più ardua e nobile. Ai piedi della Virtù è inginocchiato un poeta con la corona d’alloro, pronto a celebrare le gesta eroiche, mentre Pegaso, simbolo della virtù e della famiglia Farnese, attende in cima al sentiero.  L’opera decorava il soffitto del Camerino di Ercole nel Palazzo Farnese a Roma, probabilmente lo studio del giovane Odoardo, nominato cardinale. L’iconografia è ispirata a un racconto di Prodico Sofista sul mito di Ercole, adattato dall’umanista Fulvio Orsini. La figura di Ercole è ispirata alle sculture antiche presenti nelle collezioni Farnese, studiate dal pittore Annibale Carracci.;12 - Q 365 Annibale Carracci_Ercole al bivio_Capodimonte_ph.L.Romano_2280
Q 363;Annibale Carracci;Pietà;1599-1600;Olio su tela ;Misure senza cornice: 156 x 149 cm Misure con cornice: 183,5 x 177 x 14 cm;Il dipinto mostra una scena di grande intensità emotiva: su uno sfondo scuro, la Madonna tiene nel suo ampio grembo il corpo senza vita di Cristo. Due angeli completano la composizione a piramide: uno è punto da una spina della corona di Cristo, mentre l’altro fatica a sostenere la mano senza vita del Figlio. La forza espressiva deriva sia dalla monumentalità e solidità delle figure, sia dall’espressione di dolore degli angioletti e della Vergine. La Madonna, con la mano sinistra aperta verso l’alto, sembra offrire il corpo di Cristo al Padre, mentre il corpo di Gesù, quasi intatto tranne la ferita al piede, sottolinea la sua natura divina.  La composizione richiama la Pietà in marmo di Michelangelo nella basilica di San Pietro, ma i colori vivaci e i contorni morbidi riflettono lo stile del maestro bolognese Annibale Carracci. Il motivo dell’angelo che sostiene la mano di Cristo è preso dalla Deposizione di Raffaello, che a sua volta si ispirò al Sarcofago di Meleagro.;13 - Annibale Carracci_Pietà_Capodimonte_ph.L.Romano_2265
Propriteà FEC – Fondo Edifici di Culto;Caravaggio;La Flagellazione di Cristo;1607;Olio su tela;Misure senza cornice: 286x213 cm Misure con cornice: 330x256x15 cm;La Flagellazione proviene dalla cappella della famiglia de Franchis, la prima a sinistra entrando in San Domenico Maggiore a Napoli. Ma da oltre cinquant’anni la tela – tra le più significative e celebrate dell’ultimo tempo del Caravaggio (1606-1610) – ha cambiato ubicazione. Al terzo tentativo accertato di furto, nel 1972 l’opera è stata ricoverata a Capodimonte, diventando l’unico Caravaggio delle collezioni. Nell’allestimento di Capodimonte, al secondo piano, il quadro è esposto in una sala dedicata. Ugualmente, al Louvre, la tela compare in posizione di rilievo nella Grande Galerie. La Flagellazione è la seconda delle commissioni pubbliche pervenuteci dei due soggiorni del Caravaggio a Napoli: il primo alla fine del 1606, il secondo a fine del 1609. La più antica è la Madonna delle Sette Opere di Misericordia, eseguita entro il gennaio 1607 per l’altar maggiore del Pio Monte di Misericordia, dove si vede tuttora. Dentro un ambiente indeterminato, simile a uno stanzone, il Cristo, legato a una colonna di cui vediamo la parte superiore, è flagellato da due carnefici, mentre un terzo, accovacciato in basso, sta legando delle fascine per realizzare un ulteriore flagello. Se la composizione ricalca un impianto moderatamente tradizionale, dove echi di Raffaello e Giulio Romano si combinano alla conoscenza di Tiziano, nuova vi appare la condotta pittorica. Mentre il Cristo rivela uno dei nudi più umani e veri che siano mai stati dipinti, le figure degli scherani sono realizzate con pochi colori e quasi senza disegno, come se il pittore avesse dipinto di prima. L’ultimo stile del Caravaggio, di cui quest’opera è il manifesto, prevede un’esecuzione rapida, volutamente antiaccademica. Capolavoro senza precedenti né eredi diretti, la Flagellazione de Franchis rimase uno dei quadri del maestro lombardo più ostici da copiare, o anche solo da emulare. Lo conferma la modestia della copia secentesca, forse riferibile al napoletano Andrea Vaccaro, che si trova oggi in San Domenico Maggiore. Gli esami e gli approfondimenti diagnostici, rivelatisi decisivi negli studi caravaggeschi degli ultimi anni, hanno interessato a più riprese il quadro. Le prime radiografie hanno rivelato che, al di sotto della figura del flagellatore di destra, Caravaggio aveva immaginato in un primo tempo un ritratto, forse quello del committente Tommaso de Franchis.;14 - Caravaggio_Flagellazione di Cristo_Capodimonte_ph.L.Romano_10780
Q 349;Guido Reni;Atalanta e Ippomene;1615- 1618 circa;Olio su tela;Misure senza cornice: 191x264 cm Misure con cornice: 233,5x304,5 cm;Il mito di Atalanta e Ippomene è narrato da Venere nel X Libro delle Metamorfosi di Ovidio. Per sfuggire al vaticinio di un oracolo, Atalanta, avversa al matrimonio, sfida i suoi pretendenti a superarla in una gara di corsa, pena la morte nel caso fossero stati sconfitti. Ippomene, innamoratosi di lei, chiede a Venere di suggerirgli uno stratagemma che potesse favorirlo nella contesa. La dea gli regala tre pomi d’oro sottratti dal giardino delle Esperidi per distrarre la giovane vergine cacciatrice e ritardare la sua corsa. Guido Reni, bolognese di nascita, è tra i maggiori rappresentanti della pittura classicista del Seicento. La sua ricerca del bello ideale si sintetizza nello studio del classicismo raffaellesco mediato dai Carracci, della statuaria classica approfondita durante i soggiorni tra Roma e Bologna e della visione naturalistica di Caravaggio. Eseguita tra il 1615 e il 1618, la tela si sofferma sul momento cruciale dell’episodio: Atalanta arresta la corsa per raccogliere il secondo pomo d’oro – il primo è già al sicuro nella sua mano sinistra – mentre Ippomene si protende in avanti, con il viso rivolto alla rivale, per raggiungere il traguardo. Una sfida tra due innamorati o una coreografia dal ritmo cadenzato? Il pittore sottrae alla narrazione ovidiana tutto il contesto, ponendo i due protagonisti in primo piano, su di uno sfondo di tenebra che dalla linea dell’orizzonte lascia trasparire un principio di luce. La concitazione della gara è cristallizzata in un’unica posa, a cui si contrappone il dinamismo degli svolazzanti panneggi. La fredda luce lunare investe e indugia su alcuni particolari anatomici, donando ai corpi una definizione scultorea, nell’intricato ordito di diagonali messo in scena dal pittore. La tela fu acquistata a Roma nel 1802 dal cavalier Domenico Venuti per conto di re Ferdinando IV di Borbone, e trasferita nel Real Museo Borbonico nel 1854. Esiste una ulteriore versione oggi al Prado di Madrid, che si ritiene eseguita successivamente, ma la tela napoletana primeggia per il sapiente contrasto cromatico e chiaroscurale.;15 - Guido Reni_Atalanta e Ippomene_ph.L.Romano_70271
Q 378;Artemisia Gentileschi;Giuditta che decapita Oloferne;1612-13 ca.;Olio su tela;Misure senza cornice: 158,8x125,5 cm Misure con cornice: 208,3x174,3x17 cm;Il quadro da stanza raffigura un episodio tratto dal Libro apocrifo di Giuditta dell’Antico Testamento, in cui la giovane vedova ebrea si presenta a Oloferne, il generale di Nabucodonosor che da giorni tiene sotto assedio la città di Betulla, con la chiara volontà di mozzargli la testa e liberare il suo popolo. Giunto nelle collezioni del Museo Borbonico nel 1827 come opera di Caravaggio, è stato restituito alla mano della Gentileschi solo nel 1916 da Roberto Longhi. La datazione della tela è ormai unanimemente attestata dalla critica intorno al 1612-1613, poco prima del soggiorno fiorentino e durante l’apprendistato romano nella bottega del padre Orazio. La precocità di esecuzione è suffragata dalla marcata componente naturalistica acquisita dal contatto diretto con i caravaggeschi romani. Del medesimo soggetto esiste un’altra versione esposta agli Uffizi ormai ritenuta successiva, grazie agli esami diagnostici che hanno rivelato nella versione napoletana una quantità maggiore di pentimenti, tipici delle opere prime. La tela nel corso del tempo ha veicolato parte della critica verso una interpretazione che sovrappone le vicende biografiche a quelle pittoriche, identificando l’eroina ebrea con Artemisia stessa, vittima di violenza da parte del pittore Agostino Tassi nel 1611, e sottoposta al giudizio e alle torture di un tribunale nel processo contro il suo aggressore. Artemisia, sulla scia della versione dipinta da Caravaggio a Roma, decide di rappresentare il momento più cruento del racconto: la decapitazione condotta da Giuditta con veemenza e con il supporto di Abra, la sua serva. Degni di nota sono i passaggi chiaroscurali e la resa materica dei tessuti che attestano i primi tentativi di affrancarsi dalla bottega paterna per avviare una carriera autonoma.;16 - Artemisia Gentileschi_Giuditta e Oloferne_ph.L.Romano_12119
Q 622;Lionello Spada;Caino e Abele;1612-1614;Olio su tela ;Misure senza cornice: 178,5x118 cm Misure con cornice: 192,5x145,4x9,5 cm;Formatosi all’ombra dei Carracci, nell’Accademia degli Incamminati, nel 1609 Lionello ebbe l’opportunità di osservare da vicino le opere che Caravaggio aveva lasciato nella cattedrale di San Giovanni a Malta. Al rientro da La Valletta, dove aveva affrescato alcune sale del Palazzo dell’Ordine dei Cavalieri di Malta, la sua attività si svolse prevalentemente tra Bologna e Roma, rimanendo fedele al mondo caravaggesco, tanto da imitarne sia i modi artistici che i comportamenti nella vita sociale. Cesare Malvasia nel 1678 descrive così il pittore, appena rientrato a Bologna verso il 1611: spavaldo, con il cane al fianco, la mano sul pomo della spada, mantello corto che scendeva da una spalla, giubba trinciata, cappello piumato e al collo una collana d’oro donata dal Gran Maestro dei Cavalieri di Malta. Da qui il soprannome di “Scimmia del Caravaggio”. L’opera fu acquistata il 1º dicembre 1716 dai Farnese presso Angelo Maria Bosatti, in cambio di quattro quadri e sessanta doppie di Spagna. Ricordata a Parma nel 1731 e nel 1734, fu poi trasferita a Napoli insieme al resto della collezione Farnese. L’episodio raffigurato è quello della Genesi (4, 1-15), l’assassinio di Abele per mano del fratello Caino. La tela celebra le grandi masse muscolari dei giovani in combattimento, contrapposte nell’opposto sforzo fisico, descritto analiticamente grazie al forte contrasto chiaroscurale. Attribuita al primo soggiorno romano dell’artista, prima del 1614, l’opera segna la linea di confine verso una visione caravaggesca che, paradossalmente, non ha più nulla del lombardo, se non una visione di superficie che interpreta il naturalismo e lo studio dal vero in modo descrittivo. Diviene così uno straordinario esempio di pittura d’accademia, privo dello spirito rivoluzionario che animava l’esperienza pittorica di Caravaggio. Al Louvre, l’opera è esposta in confronto con il San Girolamo di Ribera, la Giuditta e Oloferne di Artemisia Gentileschi e i dipinti di Schedoni e dell’ambito carraccesco delle collezioni parigine.;17 - Q_622
Q 278;Francesco Guarino;Sant'Agata;1637-1640 ca;Olio su tela ;Misure senza cornice: 87x72 cm Misure con cornice: 116,5x100,5x8 cm;Dal fondo buio di una stanza emerge silenziosa una giovane donna dallo sguardo livido e umido di pianto che richiama l’attenzione dell’osservatore. Una parte del volto, dal colorito lunare, è in penombra. La mano destra tampona il seno con un panno bianco intriso di sangue. Il martirio è avvenuto. Agata, nata a Catania nel III secolo d.C., convertitasi al cristianesimo rifiutò di compiere sacrifici agli dei pagani e per questo fu condannata a una serie di supplizi culminati in un’atroce mutilazione: le furono recisi i seni. Il soggetto fu caro agli artisti napoletani del Seicento, e questa versione colpisce per l’intensità ritrattistica che allontana il contenuto di carattere sacro. Proveniente dal Quarto del priore della Certosa di San Martino ed esposta a Capodimonte dal 1957, la tela è stata attribuita a Francesco Guarino da Raffaello Causa. La datazione si attesta tra il 1637-1640 perché risulta stilisticamente vicina a una serie di opere realizzate dal pittore a partire dalla metà degli anni trenta del Seicento. Formatosi presso la bottega del padre Giovan Tommaso, fin dalle opere giovanili Guarino manifestò l’adozione di un caravaggismo colto, orientandosi verso gli esiti pittorici dei principali pittori napoletani: Massimo Stanzione, Battistello Caracciolo, Filippo Vitale e soprattutto Jusepe de Ribera, senza limitarsi a copiarne lo stile, ma rielaborando quanto osservato per approdare a un tratto autonomo, contraddistinto da figure nitide e perfettamente disegnate. La tela, dalla raffinatezza formale di stampo stanzionesco, risente nell’ideazione dell’esempio delle opere dipinte da Simon Vouet durante il suo soggiorno romano, soprattutto per il taglio “a mezza figura” e per il sapiente uso delle luci e dei colori.;18 - Francesco Guarino_S. Agata (part.)_ph.L.Romano_10804
Q 312;Jusepe de Ribera;San Girolamo e l’angelo del giudizio;1626;Olio su tela;Misure senza cornice: 262 x 164 cm Misure con cornice: 290 x 194 x 10,5 cm;Eseguito per la cappella laterale dell’altare maggiore della chiesa napoletana della Trinità delle Monache, il dipinto è rimasto nel luogo di origine fino alla soppressione dei conventi in epoca napoleonica. Nel 1813 fu trasferito al Palazzo degli Studi, sede storica del Real Museo Borbonico, per poi approdare al Museo di Capodimonte, inaugurato al pubblico il 5 maggio 1957. Il San Girolamo con l’angelo, datato 1626, è tra i maggiori dipinti pubblici della maturità di Ribera, trasferitosi stabilmente a Napoli già da una decade, nel 1616. La pala corona un’annata a dir poco eccezionale per lo spagnolo: insieme alla Trinità terrestre con i santi certosini, proveniente dalla stessa chiesa, e al Sileno ebbro, si possono considerare le tre opere principali su cui Ribera consolida la fama di maestro di stile e virtuosismi di superficie. Agli occhi dei contemporanei il quadro della Trinità delle Monache apparve nuovo, perché Ribera vi rivisitava un tema caro alla pittura caravaggesca, con una capacità di restituzione tangibile di cose e persone senza eguali nel panorama del tempo. I maestri locali che si confronteranno con lo stesso soggetto prenderanno le mosse da questa versione del San Girolamo, dove Ribera s’inoltra ad esplorare le epidermidi della senescenza, oltreché il rapporto tra le figure e gli straordinari inserti inanimati. La vicenda della natura morta napoletana del secondo trentennio del Seicento dipende anche dal teschio, dai libri e dai rotoli di questo San Girolamo.;19 - Jusepe de Ribera_San Girolamo e l'angelo del Giudizio_10904
Q 298;Jusepe de Ribera;Sileno ebbro;1626;olio su tela;Misure senza cornice: 185x229 cm Misure con cornice: 206x251,5 cm;Circondato da un asino ragliante e da un piccolo gruppo di satiri di varie età, riuniti in uno spazio aperto sotto un cielo coperto, Sileno – incoronato e appena sbarbato – sta per servirsi del vino versato da un assistente anziano. Completamente nudo, mostra alla luce il suo ventre imponente e poco idealizzato, mentre in primo piano una fauna grottesca composta da tartarughe, serpenti e una conchiglia accompagna la scena, conferendole un tono mitologico e al contempo profondamente terreno. Solo il giovane sileno, con le orecchie a punta, sembra invitare l’osservatore a sorridere di questa sgangherata parodia conviviale. In basso a sinistra, un serpente che azzanna un cartiglio attira l’attenzione sulla firma del pittore, la sua città d’origine e l’appartenenza all’Accademia romana di San Luca. Stabilitosi a Napoli dal 1616, Ribera, ormai trentacinquenne, consolida il proprio primato con quest’opera provocatoria e antieroica, tra i capolavori indiscussi di Capodimonte. L’Ebbrezza di Sileno reinterpreta con irriverenza un soggetto di lunga tradizione, omaggiando i Baccanali di Tiziano, allora visibili nelle collezioni del viceré di Napoli. Ribera rovescia però lo spirito rinascimentale veneto in chiave grottesca e barocca, in una lezione che influenzerà profondamente i pittori napoletani successivi, da Fracanzano al “Maestro degli Annunci ai Pastori” fino a Luca Giordano.;20 - Jusepe de Ribera_Sileno ebbro_ph.l.Romano_10797
Q 511;Jusepe de Ribera;Apollo e Marsia;1637;Olio su tela;Misure senza cornice: 182x232 cm Misure con cornice: 211x263x12 cm;Imbattutosi nel flauto di Minerva, Marsia impara a suonarlo così bene da osare sfidare Apollo. Sconfitto, come accade a chi pecchi di superbia, il satiro viene condannato a essere spellato vivo con lentezza dal dio stesso. Questo in sintesi l’episodio, crudele quanto amatissimo dai pittori del Cinque e Seicento, che si legge nelle Metamorfosi di Ovidio (VI, 382-400). Quando Ribera si accinge a trattarlo non ha neanche cinquant’anni e si è stabilito a Napoli da venti. Il dipinto, di destinazione privata – parte della collezione d’Avalos marchesi del Vasto, donata allo Stato italiano nel 1862 – è un punto di svolta nel transito della civiltà figurativa meridionale dal naturalismo al barocco. Immerso in un colore brillante, steso con pennellate dense e piene di risalti, il supplizio di Marsia riflette gli aggiornamenti di Ribera sulla cultura romana barocca, dai gruppi scultorei di Gian Lorenzo Bernini agli affreschi di Pietro da Cortona per la volta del salone di Palazzo Barberini, unita-mente ai recuperi della tradizione veneziana del Cinquecento. L’urlo del satiro ci chiama direttamente in causa mettendo in mostra la chiostra dentaria dipinta con scientifico rigore. Facile immaginare la presa del dipinto sui maestri napoletani: più di tutti ne rimase impressionato il giovane Luca Giordano, il quale meno di trent’anni dopo replicherà la composizione con importanti varianti che rivelano il suo debito. Nella pinacoteca di Bruxelles si conserva un’altra versione del dipinto, pure firmata nel ’37, con alcune varianti di peso.;21 - Jusepe de Ribera_Apollo e Marsia_1637_ph.L.Romano_10849
Q 799;Luca Giordano;Apollo e Marsia;1660 ca.;Olio su tela;Misure senza cornice: 205x259 cm Misure con cornice: 230x284,2x9,2 cm;"Dopo averlo legato per gli zoccoli a un albero, Apollo comincia a scorticare diligentemente Marsia, colpevole di aver osato sfidarlo a una gara di bravura al flauto. Il celebre episodio raccontato dal poeta latino Ovidio rivive in un plein air notturno, percorso da lampi improvvisi. Databile agli anni sessanta del Seicento, l’Apollo e Marsia, appartenuto al marchese di Genzano, è un capolavoro, raffinato e saturo di violenza, della maturità di Luca Giordano, il più grande pittore napoletano del Seicento e uno dei maggiori del tardo barocco europeo. Il dipinto, databile al 1660 circa, è specialmente importante perché riflette, in modo didascalico, come Giordano si ponesse rispetto a Ribera, suo maestro putativo, che trattò questo tema in un dipinto firmato nel 1637 del pari conservato a Capodimonte, e presente in mostra. Essenziale per intercettare la svolta della pittura napoletana in chiave barocca, questo confronto è stato proposto in varie esposizioni, a Napoli e fuori. L’accostamento tra le tele, che il Louvre ripropone, consente di mettere a fuoco la consistenza e i termini del rapporto tra due giganti del secolo barocco, a trent’anni di distanza. Ribera predilige una pittura chiara e preziosa, giocando di risalti ed effetti di superficie; Giordano, pur lasciando invariato lo schema della composizione, con Apollo che domina sul corpo riverso di Marsia, preferisce risolvere di profilo la figura del dio, in omaggio all’Apollo di Bernini del gruppo della Galleria Borghese, smorzando l’effetto di coinvolgimento dell’urlo del satiro. Ricco di trovate a effetto – dal contrasto del blu dei calzari di Apollo sugli incarnati del nudo di Marsia fino alla natura morta del flauto appeso al tronco –, il quadro è eseguito in modo sintetico. Come sempre accade in Giordano, ciò che conta alla fine è la celebrazione del gesto pittorico.";22 - Luca Giordano-Apollo e Marsia_Capodimonte_ph.L.Romano_10824
Q 258;Mattia Preti;San Nicola da Bari;1653;Olio su tela;Misure senza cornice: 217 x 156 cm Misure con cornice: 228 x 175,5 x 7,5 cm;"Il 20 dicembre del 1653, Preti riceve il pagamento per l’esecuzione del San Nicola, pala da porre sull’altare della cappella omonima di San Domenico Soriano, chiesa della comunità calabrese presente a Napoli. Il dipinto rappresenta l’esordio artistico del pittore nel Viceregno; come già a Roma, nell’esordio napoletano il pittore si confronta con il contesto artistico cittadino, caratterizzato da una matrice spirituale marcata, con figure potenti e dal chiaroscuro che ne accentuava il modellato e la tridimensionalità. Nel 1806, a seguito della soppressione dei monasteri, la tela entra a far parte delle collezioni borboniche, insieme ad altri due dipinti provenienti dalla stessa chiesa, un San Giovanni Battista e la Giuditta (Napoli, Museo e Real Bosco di Capodimonte).  Nicola, vescovo di Mira, in Asia minore, nella prima metà del IV secolo, è sostenuto da una gloria d’angeli, che recano gli attributi canonici del santo; questi si palesa in uno spazio, a metà strada tra il divino e il terrestre, completamente assorto dall’estasi, con il volto illuminato da una luce abbacinante, le braccia squadernate a compasso, a delimitare uno spazio senza confini.  Preti accoglie il realismo dei suoi predecessori, basti citare il San Girolamo e l’angelo di Ribera, superandone la concentrazione sulla fisicità e puntando l’attenzione sull’interazione tridimensionale tra figura e spazio circostante. La cromia generale è accesa con pochi tocchi di giallo, espediente stilistico caro al pittore, che conferisce plasticismo all’insieme. L’artista riproporrà più volte questo tema; tra le varie versioni si ricorda quella, di poco successiva, conservata nella pinacoteca civica di Fano, realizzata per i padri cappuccini della chiesa di Santa Cristina.";23 - Mattia Preti_San Nicola di Bari_Capodimonte_ph.L.Romano_7315
Proveniente da Napoli, chiesa di Santa Maria di Ogni Bene dei Sette Dolori (in sottoconsegna al Museo e Real Bosco di Capodimonte dal 1974);Mattia Preti;San Sebastiano;1656 ca.;Olio su tela ;Misure senza cornice: 240 x 169 cm Misure con cornice: 263 x 190,5 x 7,5 cm;"Mattia Preti, detto il “Cavalier calabrese”, esegue questa tela nei primi anni del suo soggiorno a Napoli, per la chiesa dei SS. Pietro e Sebastiano, retta dalle monache provenienti dalla chiesa di San Pietro in Castello. Secondo il biografo Bernardo de Dominici, il dipinto è respinto dalle domenicane a seguito della cattiva pubblicità fatta dal giovane Luca Giordano, che commentò così l’opera: “grossolana, e priva di quella nobiltà, e bellezza, che convengono a un corpo nobile, e che il volto sembrava più tosto d’un facchino, che d’un capitano de’ soldati, qual fu san Sebastiano”. Pertanto, la tela rifiutata viene donata dal pittore a un gentiluomo, Manlio Caputo, detentore del patronato della cappella di San Sebastiano nella chiesa di Santa Maria dei Sette Dolori di Napoli.  Sebastiano, cresciuto nella fede cristiana, si trasferisce nel 270 d.C. a Roma, dove diviene tribuno della guardia imperiale di Diocleziano. Segretamente persegue la sua opera di conversione al cristianesimo dei pagani e di assistenza ai carcerati. Scoperto, è condannato alla morte sul colle Palatino trafitto da frecce. Abbandonato dai soldati, che lo credono morto, è salvato da Irene, grazie a degli unguenti che guariscono le ferite. Una volta ripreso, piuttosto che fuggire, Sebastiano professa a Diocleziano la sua fede, ricevendo così la morte per mezzo della flagellazione.  La figura monumentale del santo, che con decoro accetta il suo martirio, è potentemente scorciata e domina la scena. La posa rompe ogni ponte con la tradizione classicista e apre alla teatralità barocca di Bernini, trasformando il martirio in un colloquio mistico, verso l’accettazione della sofferenza. In primo piano, ai piedi del santo, uno straordinario brano di natura morta, costituito dall’elmo con alcune frecce.  La natura del luminismo di Caravaggio, appreso a Roma da Preti, si unisce al naturalismo materico di Ribera; questi elementi si concretano, però, in una mobilità pittorica, tramite tocchi di colore grigio argentei sul perizoma e rossastri delle epidermidi, creando accordi cromatici di matrice neoveneta. Da questo prototipo, Preti trarrà numerose repliche, tra cui spicca la versione posteriore della Galleria Nazionale di Cosenza, già nella collezione Ferrara Dentice di Napoli.";24 - Mattia Preti_San Sebastiano_10861
Q 268;Luca Giordano;Madonna del Rosario (o del Baldacchino);1685 ca.;Olio su tela;Misure senza cornice: 430 x 240 cm Misure con cornice: 450x260 cm;"Eseguita per la chiesa di Santo Spirito di Palazzo, la Madonna del Rosario è la più nota e ammirata tra le commissioni pubbliche di Luca Giordano nella seconda metà degli anni ottanta del Seicento.  Nel momento in cui si confronta con un soggetto molte volte affrontato dai pittori, Giordano rinnova l’impostazione tradizionale, trasformando la scena sacra in una processione popolare, ricca di personaggi e colori che sfumano verso l’acquerello e anticipano un’atmosfera già settecentesca. Non a caso, l’opera sarà tra le più apprezzate e copiate anche da artisti stranieri come Fragonard, che giunse a Napoli nel 1781.  La Madonna di Santo Spirito rappresenta un manifesto delle poetiche mature di Giordano al ritorno da Firenze; ma segna anche un momento centrale della fortuna di Bernini nella cultura vicereale e spagnola, dato che il baldacchino costituisce un chiaro omaggio all’attività romana del maestro, scomparso da pochi anni. Tuttavia, Giordano rielabora il prototipo della basilica di San Pietro trasformandolo in una macchina festiva, tipica delle effimere scenografie barocche napoletane, e si ritaglia, nelle cinque bande laterali con episodi della vita di Cristo e della Vergine, una sorta di antologia personale.  ";25 - Luca Giordano_Madonna del Baldacchino_Capodimonte_ph.L.Romano_7326
Q 294;Abraham Brueghel e Giuseppe Ruoppolo;Natura morta con frutta e fiori;1680-1685;Olio su tela ;Misure senza cornice: 253 x 338 cm Misure con cornice: 273 x 358 x 10 cm;"La Natura morta con frutta e fiori, commissionata a Giuseppe Recco nel 1671, doveva rivestire le pareti di una fastosa sala di rappresentanza, insieme ad altre tre grandi nature morte. Donata nel 1862, tramite un legato testamentario dell’ultimo erede dei d’Avalos, alla Pinacoteca Nazionale di Napoli, assieme al resto della collezione, l’opera è stata riconosciuta solo nel secolo scorso come frutto della collaborazione – e sovrapposizione – tra due maestri del genere: il napoletano Giuseppe Ruoppolo e l’olandese Abraham Brueghel, giunto a Napoli nel 1675.  La macchinosa disposizione di alcuni elementi fa emergere il difficile dialogo tra le due personalità. Brueghel, fortemente segnato dalla cultura nordica, la arricchisce con novità barocche che stempera attraverso i motivi classici appresi durante il soggiorno romano. A lui si attribuiscono le scenografie architettoniche sulla destra, le statue nelle nicchie, fontane e basamenti, così come i fiori – non più freschi – che traboccano dal vaso scolpito.  Nel fasto barocco creato da Brueghel, Ruoppolo inserisce un campionario di funghi, uve, pere, fichi e selvaggina, studiati fin nei minimi dettagli; la luce ne sottolinea i riflessi, in particolare quelli dei quattro cedri che pendono dall’alto. In questa fase, anche le nature morte diventano vere e proprie scene teatrali, e il naturalismo più tenace si lascia assorbire dalla decorazione, privilegiando l’effetto visivo.";26 - Q_294
Q 463;Giuseppe Recco;Natura morta con pesci ed altri animali marini;1671;Olio su tela;Misure senza cornice: 260x340 cm Misure con cornice: 277,5 x 357 x 10 cm;"Una luce ancora caravaggesca modula il paesaggio in toni rossastri, accordandolo alle forme perfettamente dettagliate della natura marina. Tra coralli e madrepore, sono chiamati all’appello svariati frutti di mare, granchi, seppie e pesci spada, descritti nel guizzo lucido delle carni, nelle vibrazioni delle squame, negli occhi della testuggine riversa.  La grande tela faceva parte della serie commissionata da Andrea d’Avalos nel 1671, pervenuta poi nelle collezioni della Pinacoteca Nazionale di Napoli nel 1882, grazie al lascito testamentario del 1862 dell’ultimo erede della famiglia, e poi giunta a Capodimonte nel 1957. Riconosciuta oggi quale capolavoro della maturità di Giuseppe Recco (l’opera è siglata in basso “G.R.F.”), non ha spiccato in passato per fortuna critica, probabilmente perché dal 1929 al 1995 fu inviata in sottoconsegna al Senato e non esposta nel museo.  Sebbene il biografo De Dominici lo presenti quale massimo esperto di pittura di scoglio, Giuseppe Recco seppe invece spaziare con abilità tra tutti i soggetti; non è da escludere, anzi, che la stessa serie d’Avalos sia quasi una sorta di campionatura dei generi frequentati dall’artista. Provenendo da una famiglia di specialisti in nature morte, il cui ambito culturale era quello naturalistico, Recco aderisce al linguaggio barocco solo in facciata. Se nella produzione matura cederà ai richiami di fastose scenografie, con composizioni di ampio respiro e volumi ridondanti, la materia non si sfalda mai e si fa piuttosto preziosa: la rivoluzione anti-barocca di Recco passa attraverso il recupero della pennellata pittorica di Giordano e, a ritroso, di Ribera.";27 - DSC_4408a
d’Avalos 22a;Pierre Jacques Volaire;Eruzione del Vesuvio dal Ponte della Maddalena;1782;Olio su tela;Misure senza cornice: 130 x 229 cm Misure con cornice: 144 x 239,5 x 6,5 cm;Protagonista del dipinto è una delle spettacolari eruzioni del Vesuvio che Pierre Jacques Volaire poté osservare a Napoli fin dal 1769, anno in cui giunse in città dopo un soggiorno a Roma. Nell’opera, il fiume incandescente che discende dal crinale del vulcano, minacciando i centri abitati, amplifica la drammaticità dell’evento naturale. In primo piano, un corteo sgomento e disordinato attraversa il ponte della Maddalena in direzione di Napoli, illuminato dalla luce calda della lava, cui fa da contrappunto, sulla destra, il bagliore freddo della luna che rischiara il paesaggio del golfo. Un piccolo gruppo di figure, in piedi sul parapetto del ponte, osserva la scena con curiosità.  Il dipinto, firmato e datato 1782, è forse da riferire alla violenta eruzione del 1767, i cui effetti furono evitati, secondo la tradizione, grazie all’intercessione di san Gennaro, patrono della città, che avrebbe fermato il flusso lavico poco prima che raggiungesse Portici, centro densamente abitato e sede di una delle residenze borboniche. Dell’opera si conoscono cinque versioni con leggere variazioni, accomunate dalla presenza di elementi costanti, quali il vulcano in eruzione e il ponte, motivo probabilmente ispirato a un’incisione seicentesca raffigurante l’eruzione del 1631, della quale si conserva un esemplare presso il Museo e Certosa di San Martino.  L’attività del Vesuvio stimolò profondamente l’immaginario dell’artista, che in Francia aveva collaborato con il pittore Joseph Vernet, noto paesaggista apprezzato per i suoi effetti atmosferici. Nella seconda metà del Settecento, il vulcano divenne una meta privilegiata per gli intellettuali del Grand Tour, attratti dai luoghi della classicità e dalle recenti scoperte archeologiche di Pompei ed Ercolano. A Napoli, Volaire trovò un pubblico colto e appassionato, per il quale realizzò vedute e scene animate da effetti luministici intensi e carichi di pathos. Considerato uno dei maggiori interpreti del genere, nei decenni successivi svilupperà un linguaggio più narrativo e pittoresco.  Il dipinto fu probabilmente commissionato da Tommaso d’Avalos per la prestigiosa collezione di famiglia, la quale, in assenza di eredi diretti, fu donata nel 1862 dal nipote Alfonso d’Avalos alla Pinacoteca del Museo Nazionale di Napoli e acquisita ufficialmente dallo Stato italiano nel 1882.;28 - Pierre-Jacques Volaire_Eruzione del Vesuvio dal ponte della Maddalena_ph.L.Romano_3002
Q 129;Tiziano;Paolo III e i nipoti;1545 - 1546;Olio su tela;Misure senza cornice: 210x174 cm Misure con cornice: 225x202 cm;Quando giunge a Roma nell’ottobre del 1545, Tiziano è già uno dei ritrattisti più ambiti dalle corti europee. Ha circa sessant’anni e accetta l’invito di papa Paolo III Farnese e del nipote, il cardinale Alessandro, con la speranza – poi disattesa – di assicurare al figlio Pomponio una rendita derivante dal beneficio ecclesiastico dell’abbazia di San Pietro in Colle.  La richiesta che gli viene rivolta è di eseguire un dipinto capace di legittimare la spregiudicata politica dinastica perseguita dal pontefice, che pochi mesi prima, nel settembre del 1545, aveva separato i territori emiliani dallo Stato della Chiesa per assegnarli al figlio Pierluigi. A tale scopo, Tiziano prende come riferimento compositivo un celebre precedente: il Ritratto di Leone X con i cardinali Giulio e Luigi de’ Medici dipinto da Raffaello nel 1518, che aveva potuto conoscere tramite una copia conservata a Mantova.  La scena viene articolata con straordinaria coerenza cromatica, tutta giocata sulle molteplici sfumature del rosso. Al centro è collocato il papa, seduto alla scrivania, con il camauro, la mozzetta e l’anello in evidenza. Alla sua destra, in posizione di rilievo, si trova il cardinale Alessandro, la cui mano poggiata sul sedile suggerisce simbolicamente il passaggio di potere auspicato da Paolo III ma mai realizzato. A sinistra, Ottavio – destinato a ereditare il ducato di Parma e Piacenza e sposo di Margherita d’Austria, figlia naturale dell’imperatore Carlo V – è raffigurato nell’atto di terminare la cerimonia della riverenza, che prevedeva tre inchini, la genuflessione e infine il bacio del piede del pontefice.  Il dipinto fu lasciato incompiuto, probabilmente a causa della delusione di Tiziano per il mancato ottenimento dei benefici destinati al figlio. Rimase privo di cornice almeno fino al 1644, come risulta dagli inventari di Palazzo Farnese, e solo nel 1653 fu corredato da una cortina in ormesino verde, riservata alle opere di maggiore prestigio.  Oggi l’opera è considerata uno degli esempi più alti di ritratto di corte, capace di condensare le dinamiche del potere all’interno delle grandi famiglie nobiliari del Cinquecento. Essa rappresenta un punto nodale nel progetto iconografico con cui i Farnese costruirono la propria immagine istituzionale, culminato nei monumentali busti in marmo di Paolo III realizzati da Giovanni Battista Della Porta nel 1577.;29 - Tiziano Vecellio_Ritratto di Paolo III con i nipoti_ph.L.Romano_2131
Q 133;Tiziano;Ritratto del Cardinale Alessandro Farnese;1488-1490;Olio su tela;Misure senza cornice: 97x75 cm Misure con cornice:118,5x97x 6,5 cm;Tutte le contraddizioni della complessa personalità del Gran Cardinale Alessandro Farnese emergono con forza nel ritratto eseguito da Tiziano, già a partire dalla potente costruzione cromatica: al predominio del rosso del talare cardinalizio si contrappone il drappeggio di un verde squillante, acceso da improvvisi bagliori di giallo che contrastano con il blu intenso del collare. Questa tensione tra i colori riflette visivamente il conflitto interiore del protagonista.  Alessandro Farnese (1520–1589) ha appena quattordici anni quando viene forzato a rinunciare alla primogenitura e ai relativi privilegi, per essere destinato alla carriera ecclesiastica: il nonno, Paolo III, lo nomina cardinale di Sant’Angelo in Foro Piscinum. Figlio di Pierluigi Farnese e Girolama Orsini, Alessandro diventa fin da giovane una delle principali pedine – e al tempo stesso un abile stratega – nello scacchiere dinastico orchestrato dal pontefice per rafforzare la posizione internazionale della casata, nella speranza, rimasta vana, di assicurare ai Farnese un futuro papa.  Diplomatico raffinato e interlocutore privilegiato nei rapporti, spesso complicati, tra la famiglia e Tiziano, Alessandro fu compreso a fondo dall’artista, che seppe coglierne inquietudini e ambizioni. Un dettaglio eloquente, la presenza del guanto stretto nella mano, suggerisce un’identità sospesa tra i codici della nobiltà laica e l’obbligo della veste religiosa: un segno sottile ma chiaro del malcontento con cui il giovane cardinale accettò la rinuncia alla vita mondana, tanto più significativo in un periodo di crescente rigore controriformista.  È verosimile che il ritratto sia stato eseguito durante il soggiorno romano di Tiziano, tra l’ottobre del 1545 e il giugno del 1546, parallelamente all’elaborazione del grande dipinto con Paolo III e i nipoti, in cui Alessandro compare in una posa simile, ma specularmente ribaltata.  A testimoniare le relazioni privilegiate del cardinale con gli artisti dell’ultimo Rinascimento, il ritratto di Tiziano è oggi esposto al Louvre accanto a quello, realizzato da El Greco, del miniatore Giulio Clovio. Quest’ultimo fu autore del celebre Libro d’Ore, oggi conservato a New York, a lungo ipotizzato come il prezioso contenuto della celebre Cassetta Farnese.;30 - Q 145 Raffaello Sanzio_Ritratto del cardinale Alessandro Farnese_Capodimonte_ph.L.Romano_3030
 Q 191;El Greco;Ritratto di Giulio Clovio;1571-1572;Olio su tela;Misure senza cornice: 81,4x104 cm Misure con cornice: h 95x115x8 cm;Nel ritratto eseguito da El Greco, il protagonista è Giulio Clovio, celebre miniatore croato stabilitosi a Roma nel 1539 e figura centrale nella cerchia culturale dei Farnese, presso cui prestò servizio per decenni. L’opera riflette non solo il legame personale tra l’artista e il suo effigiato – Clovio fu infatti amico e protettore del giovane pittore cretese – ma anche il fitto intreccio di relazioni intellettuali e artistiche che gravitavano attorno a Palazzo Farnese nella seconda metà del Cinquecento.  È proprio grazie all’intercessione di Clovio che El Greco viene introdotto presso la corte del cardinale Alessandro Farnese: in una lettera datata 16 novembre 1560, il miniatore raccomanda il giovane artista come valido discepolo di Tiziano, con cui il Theotokòpoulos aveva effettivamente iniziato a lavorare intorno al 1567, assorbendo rapidamente la lezione della maniera veneta. El Greco fu accolto a Palazzo Farnese da Fulvio Orsini, dotto antiquario e consigliere del cardinale, per il quale dipinse numerose opere, tra cui il ritratto qui analizzato.  Clovio è rappresentato a mezza figura, abbigliato con l’abito talare, nell’atto di mostrare con misurato orgoglio il proprio capolavoro: l’Officium Virginis, il prezioso libro d’ore commissionatogli da Alessandro Farnese nel 1537 e completato nel 1546, oggi conservato alla Pierpont Morgan Library di New York. L’opera miniata è raffigurata aperta, con visibili le illustrazioni della Creazione del sole e della luna e della Sacra Famiglia, rese con tratto libero e vivace, in perfetta sintonia con lo spirito innovativo che contraddistingue Clovio.  L’ambiente in cui la figura è inserita è sobrio e neutro nei toni, ravvivato soltanto da una finestra aperta su un paesaggio mosso dal vento, con nubi che lasciano filtrare a fatica la luce solare. La resa pittorica, densa e luminosa, evidenzia i tratti dell’età avanzata di Clovio, conferendogli un’aria vissuta e riflessiva. I toni caldi dell’incarnato, l’attenzione alla consistenza della materia pittorica e la costruzione atmosferica rimandano chiaramente all’eredità lagunare di Tiziano, Tintoretto e Bassano, mentre si intrecciano con la radice bizantina dell’artista greco, che proprio in questa fase riesce a fondere, in modo del tutto originale, il naturalismo veneto con un linguaggio visionario e spirituale.  Questo ritratto, custodito oggi al Museo di Capodimonte, costituisce una delle prime prove del talento rielaborativo di El Greco, e al tempo stesso un prezioso documento del raffinato ambiente culturale che ruotava intorno al Gran Cardinale Alessandro Farnese, al crocevia tra arte, diplomazia e mecenatismo europeo.;31 - Q 191 El Greco_Ritratto di Giulio Clovio-2636
OA 136;Antonio Joli;Ferdinando IV a cavallo con la corte nel Belvedere della Reggia di Capodimonte;1760-1761;Olio su tela;Misure senza cornice: 71,5 x 137,5 cm Misure con cornice: 84 x 143,5 x 7,5 cm;Antonio Joli, artista veneziano di formazione teatrale, fu tra i massimi interpreti della pittura vedutista e cerimoniale nella Napoli borbonica del XVIII secolo. Scenografo e pittore ufficiale di corte, dal 1762, per volere di Carlo di Borbone, ricoprì l’incarico di scenografo stabile del Teatro di San Carlo, per il quale realizzò oltre 150 apparati scenici destinati a opere liriche, cantate e balletti, confermandosi come figura di primo piano nella cultura spettacolare del Regno.  L’opera qui analizzata rappresenta una delle rare testimonianze pittoriche di una pubblica cerimonia svoltasi nel Real Sito di Capodimonte nel corso del Settecento. L’intera composizione è orchestrata secondo un impianto teatrale: la grande esedra del bosco in primo piano funge da naturale proscenio, mentre sullo sfondo si dispiega l’imponente Reggia di Capodimonte, con le sue architetture ancora dotate di finestre al posto dei successivi balconi, e più oltre si apre la veduta spettacolare del golfo di Napoli, in cui si distinguono l’isola di Capri, Capo Posillipo, la collina del Vomero, con la Certosa di San Martino e Castel Sant’Elmo.  Con una pennellata rapida e precisa, Joli mette in scena il giovane Ferdinando di Borbone, non ancora decenne, in sella a un cavallo bianco, in posa araldica, circondato da cortigiani, dignitari, gentiluomini e ufficiali disposti ad arte secondo una coreografia cortese, a metà tra realtà e finzione teatrale. Tale inquadramento, unito alla giovanissima età del sovrano raffigurato, consente di datare il dipinto con buona certezza al biennio 1760–1761 (Middione, 2012).  Oltre al valore documentario dell’opera – che restituisce un raro scorcio della vita di corte napoletana in epoca borbonica – il dipinto assume anche una funzione celebrativa: la Reggia di Capodimonte, sede della prestigiosa collezione farnesiana trasferita da Parma, diventa emblema della continuità dinastica e culturale tra la famiglia Farnese e i Borbone di Napoli, sottolineata dalla scelta di ambientare la scena in prossimità del piano nobile affacciato sul mare, dove avevano sede le più importanti sale di rappresentanza.  L’opera, infine, rappresenta un perfetto esempio della capacità di Antonio Joli di fondere il vedutismo d’impronta veneziana con l’impostazione teatrale, facendo del paesaggio stesso una scena e della storia uno spettacolo da ammirare.;32 - Antonio Joli_Ferdinando IV a cavallo con la corte_ph.L.Romano_Capodimonte_11010
Q 1974;Andy Warhol;Vesuvius;1985;Acrilico su tela;Misure senza cornice: 231x300x3 cm Nota: il dipinto è originariamente senza cornice;Andy Warhol affronta, con Vesuvius (1985), il tema della veduta napoletana restituendone una versione esplosiva, vitale ed eccessiva, reinterpretata attraverso la lente della Pop Art. L’opera, realizzata per il ciclo espositivo voluto dalla Soprintendenza Speciale per il Polo Museale Napoletano in collaborazione con il gallerista Lucio Amelio, si configura come una riflessione visiva sull’iconografia ossessiva e ripetuta del vulcano partenopeo, simbolo duplice di bellezza e minaccia.  La composizione trabocca di colore acceso, quasi violento, e pare animata da una forza interna che agita la superficie pittorica: la pennellata torna ad essere protagonista in una fase della carriera dell’artista in cui la serigrafia – cifra stilistica dominante del suo lavoro dagli anni Sessanta – aveva progressivamente sostituito la manualità esecutiva in favore della riproducibilità meccanica e della depersonalizzazione del gesto. Con Vesuvius, tuttavia, Warhol recupera la pittura a mano libera, sottolineando l’eccezionalità del progetto e la forte componente emotiva ad esso legata.  L’immagine del vulcano, protagonista assoluto della tela, si staglia contro uno sfondo nero, accentuando la tensione tra attrazione e minaccia, bellezza e distruzione. Warhol trasforma il Vesuvio da emblema paesaggistico a entità mitica e insieme reale, come egli stesso dichiarò nell’intervista rilasciata a Michele Buonomo nel 1985: “Per me l’eruzione è un’immagine sconvolgente, un avvenimento straordinario e anche un grande pezzo di scultura. Il Vesuvio per me è molto più grande di un mito: è una cosa terribilmente reale.”  L’opera si inserisce in una lunga tradizione figurativa che, dalla pittura settecentesca fino alla fotografia turistica, ha moltiplicato le rappresentazioni del vulcano, declinandone all’infinito la silhouette e cristallizzandone l’immagine in uno stereotipo visivo. Ma Warhol, nel contesto della Napoli post-terremoto e in dialogo con l’intenso clima culturale attivato da Amelio, ne sovverte l’inerzia iconografica trasformandolo in un segno contemporaneo, tra tragedia e spettacolo, realtà e simulacro.  Realizzato in diciotto varianti per l’esposizione nel Salone dei Camuccini al Museo di Capodimonte, il dipinto rappresenta uno degli esiti più intensi del progetto di apertura del museo al linguaggio del contemporaneo, inaugurato nel 1978 con la mostra di Alberto Burri, e proseguito, sotto l’impulso visionario di Amelio, con un dialogo radicale tra la storia dell’arte e le espressioni artistiche del presente.  Donata nel 1993 da Lucio Amelio al museo, l’opera è oggi parte della collezione permanente del Museo e Real Bosco di Capodimonte, a testimonianza di un momento cruciale nella relazione tra Napoli e la cultura visiva del secondo Novecento.;33 - Museo di Capodimonte_Andy Warhol_Vesuvius_ph.L.Romano_0054
Proprietà FEC Fondo Edifici di Culto;Colantonio;Polittico di San Vincenzo Ferrer;1456-1458;olio su tavola ;"Misure senza cornice: pannello centrale h 191x87x10 cm; predella h 46x220x5; coppia superiore h 42x48x7, h42x48x7; coppia centrale: h60x48,5x7, h60x48,5x7; coppia inferiore h 60x48x6, h60x48x6";"Il Polittico di san Vincenzo Ferrer si inserisce nel solco delle celebrazioni legate alla canonizzazione del predicatore domenicano, avvenuta nel 1455. La committente Isabella di Chiaromonte, dipinta come duchessa di Calabria e con il suo stemma oro e rosso nella predella in basso, ci fornisce anche una datazione ante quem, ovvero il 1458, anno in cui il suo consorte Ferrante d’Aragona divenne sovrano di Napoli e dunque ella regina. Nella tavola centrale, trasformata in una grande nicchia a valva di conchiglia dalla forte connotazione toscana, il santo, in atto di benedire, è stante e in una piena consapevolezza spaziale, mentre nelle tavole ai lati si dispiegano episodi della sua vita in cui i già noti modelli fiamminghi si sincretizzano con il nuovo bagaglio rinascimentale italiano. I misurati interni domestici ed ecclesiastici, le visioni urbane e il paesaggio marino in tempesta, dal sapore tenebroso e romantico, creano scenografie sempre diverse, rappresentando nell’insieme un portfolio completo del maestro napoletano. La collocazione dell’opera nella chiesa di San Pietro Martire è ricordata dai maggiori scrittori napoletani tra il Sette e l’Ottocento; come anche per il San Girolamo, la sua attribuzione a Colantonio è stata sgombrata dai dubbi solo grazie alla lettera di Pietro Summonte del 1524 (Summonte, ed. 1925). Nel Settecento il dipinto venne arricchito da una cornice marmorea, mentre nel 1997, per motivi cautelativi, è entrato nel Museo di Capodimonte sotto forma di deposito temporaneo. L’opera è dunque proprietà del Fondo Edifici di Culto, ma la sua presenza arricchisce e completa la narrazione di una sala che ci racconta la Napoli del Quattrocento e soprattutto la grande stagione della committenza del periodo aragonese.";34 - 5501 EK Polittico S.Vincenzo Ferrer e storie
Q 60;Andrea Mantegna;Ritratto di Francesco (o Ludovico?) Gonzaga;1460-1462 ca.;tempera su tavola;Misure senza cornice: 24,5x17,5 cm Misure con cornice: 43,5x36,5 cm;"Il dipinto raffigura un giovanetto di profilo, in abiti da protonotario apostolico, da identificarsi con uno dei figli di Ludovico Gonzaga (1412-1478), secondo marchese di Mantova, e di Barbara di Brandeburgo (1422-1481): o il secondogenito Francesco (1444-1483) all’età di diciassette anni, raffigurato tra il 1460 e i primi mesi del 1462, ovverosia prima della sua nomina a cardinale nel dicembre del 1461 e la conseguente cerimonia a Roma del 24 marzo 1462 (M. Lucco in Mantegna a Mantova 2006-2007; K. Christiansen in Gesichter der Reinassance 2011-2012, p. 234, cat. 89); o il quartogenito Ludovico (1460-1511), insignito della carica di protonotario all’età di soli nove anni, nel 1470 (Agosti 2005; M. Servi in Mantegna 2008-2009, p. 198, cat. 69). Probabilmente su richiesta dei committenti, plausibilmente i genitori, dato il carattere celebrativo del piccolo ritratto, Mantegna utilizza il modulo della raffigurazione di profilo, ispirato a medaglie e monete antiche, molto diffuso nella cultura artistica dei primi decenni del Quattrocento, in particolare in Pisanello. La finezza del contorno e del modellato, che sembra quasi scolpito, evidenzia la cultura antiquaria dell’artista, che, allo stesso tempo, restituisce l’immagine di un adolescente timido e imbronciato, creando un contrasto tra l’ufficialità della rappresentazione e la tensione emotiva del ragazzo. La luminosità dell’incarnato, la delicatezza del rosso delle vesti sul fondo verde cupo, l’espediente illusionistico del parapetto, accennato in primo piano e oggi ben visibile grazie all’utilizzo di una cornice di area veneta di fine Quattrocento (recentemente acquistata sul mercato antiquario dal Museo), contribuiscono ad accentuare il carattere prezioso, quasi “alla fiamminga”, del ritratto, tanto da aver fatto supporre, in attesa di indagini tecniche specifiche, l’utilizzo dell’olio in combinazione con la tempera (Lucco 2006, p. 66). L’opera viene ricordata come “ritratto di un cardinale Gonzaga” nell’inventario dei beni redatto nel 1600 alla morte di Fulvio Orsini, dotto bibliotecario di casa Farnese (M. Utili in Museo e Gallerie Nazionali di Capodimonte 1995, p. 38). Successivamente, si perse l’identità del personaggio, fino all’intervento di Frizzoni (1895) che propose il nome di Mantegna per l’autore e di Francesco Gonzaga per il giovanetto raffigurato, mentre Fiocco (1937) ipotizzò si trattasse del fratello più giovane, Ludovico, dando luogo alla discussione ancora oggi in atto.";35 - Q 60 Andrea Mantegna_Ritratto di Francesco Gonzaga_ph.L.Romano_0767
Q 130;Tiziano;Ritratto di Paolo III senza camauro;1543;Olio su tela ;Misure senza cornice: 106x85cm Misure con cornice:133x108,5 x7 cm;Posa a tre quarti, sguardo penetrante, un accenno di sorriso sornione, una mano ancorata al bracciolo, l’altra ossuta che mostra l’anello papale, posata sulla borsa. Così si presenta nel primo ritratto ufficiale eseguito da Tiziano, Paolo III Farnese: senza camauro, in segno di umiltà, con la borsa in evidenza a significare ambiguamente il dovere di carità ma anche la discrezionalità nell’elargire benefici ecclesiastici. I quindici anni di papato di Paolo III, al secolo Alessandro Farnese, sono stati tra i più movimentati della storia dello Stato pontificio. Tra il 1534 e il 1549 si sono susseguite la definitiva scomunica di Enrico VIII d’Inghilterra (1538), la fondazione dell’Ordine dei Gesuiti (1540), l’inizio del Concilio di Trento (1545) e le acrobazie diplomatiche nelle relazioni tra Carlo V d’Asburgo e Filippo I di Francia in guerra, in quegli anni, per il predominio sulla penisola italiana. Fu il cardinale Alessandro Farnese, nipote del papa, a chiedere a Tiziano, il pittore più ricercato dalle corti europee e che in precedenza già aveva ritratto il fratello minore Ranuccio (Zapperi, 1990), di raggiungere la corte papale in viaggio in Emilia per incontrare l’imperatore Carlo V. Un pagamento del 22 maggio 1543, di 2 scudi e 20 soldi per il mero trasporto, sembrerebbe suggerire che il ritratto di Paolo III sia stato dipinto velocemente tra inizio aprile e fine maggio (Zapperi, 1990). L’accuratezza di pennellate brevi e incisive nel dettagliare la bordura della mozzetta, la consunzione della stoffa del sedile e la luce cangiante del velluto rosso acceso da bagliori chiari hanno concorso a decretare il successo immediato del dipinto, a partire dalle parole del poeta Pietro Aretino, che scrive a Tiziano del “miracolo fatto dal vostro pennello”, fino alla seconda versione realizzata per Guido Ascanio Sforza di Santa Flora, il Ritratto di Paolo III con camauro sempre parte della collezione Farnese, e alle copie di epoche successive come quella di Scipione Pulzone della Galleria Spada di Roma (Zeri, 1954).;36 - Q_130
Proprietà FEC Fondo Edifici di Culto;Tiziano;Annunciazione;1557;Olio su tela;Misure senza cornice: 274x190 cm Misure con cornice: 282x194 cm;"L'Annunciazione per la cappella Pinelli di San Domenico Maggiore, inserita nella copiosa produzione di Tiziano maturo costituisce un unicum nelle pale d’altare a Napoli, venne trasferita nel 1977 al Museo di Capodimonte in deposito cautelativo. La prima indicazione sull’appartenenza del patronato della cappella dell’Annunciazione ai Pinelli è nella Napoli Sacra di Cesare d’Engenio Caracciolo, che riporta l’iscrizione sul fregio dell’architrave; la trascrizione della dedicatoria è completata dalla descrizione del dipinto: “nell’altare di questa cappella è la tavola in cui è la Vergine dall’Angiolo Annunciata fatta da Titiano da Vecellio di Cador celebre pittore, il quale fu chiaro al mondo nel 1546”. Sull’indicazione di d’Engenio Caracciolo si attesta la guidistica del Sei e Settecento, con minime varianti che non mutano il senso del già detto, reiterando “tavola” in luogo del supporto in tela, da intendersi come sinonimo di ‘pala d’altare’. Da questo coro si leva solista Bernardo de Dominici che, nell’ansia campanilistica che informa le sue Vite, indirizza la tela a Luca Giordano, attribuzione che segnerà la sfortuna critica del dipinto: “e la Nunziata di Tiziano, anche in San Domenico Maggiore, si suppone fatta copiare da Luca Giordano e portato via l’originale [in Spagna], con altre pitture e statue eccellenti” dal viceré Pedro Antonio Ramón Folch de Cardona, in carica dal 16 aprile 1666 al 3 gennaio 1671. Questa tesi prese il sopravvento finché Roberto Longhi nel 1925 non vi si imbatté durante una passeggiata nelle chiese del centro e la riportò in auge rendendo onore a “Tiziano [che] ha trovato anche la sua forma, ma quanto intelletto ha dovuto riassorbire nella propria visione, per permettersi questo nuovo romanticismo!”. I dati stilistici sono quelli di Tiziano maturo, quasi settantenne: il disegno è molto vicino all’Annunciazione del 1537 per la chiesa di Santa Maria degli Angeli a Murano, che, mai portata in chiesa (Vasari 1568, III, p. 811), venne trasferita in Spagna, dove è documentata ancora nel 1794, poi perduta. È nota attraverso l’acquaforte di Gian Giacomo Caraglio: la posa di Maria inclinata con una lieve torsione del busto è pressoché identica, la posa dell’Arcangelo presenta qualche variante. Il soggetto è trattato con grande libertà espressiva; ma la vera novità è la suddivisione dello spazio data dalla maestosa colonna che amplifica e rende solenne la composizione che apre sul paesaggio autunnale, tra ‘combustioni’ cromatiche e accensioni di luce. Quando arrivò a Napoli e fu esposto nella cappella a San Domenico fu evidente che il dipinto fosse al centro del progetto architettonico commissionato dai Pinelli: la luce rarefatta della tela aveva le stesse diagonali provenienti dalle finestre laterale, con un oculo centrale, che fa piovere la luce dall’alto, creano un connubio perfettamente studiato, essenziale per la composizione di Tiziano.";37 - SOTTOCONSEGNA S Domenico Tiziano Vecellio_Annunciazione_Capodimonte_ph.L.Romano_7268
Q 733;Scipione Pulzone;Annunciazione;1587;olio su tela;Misure senza cornice: 230x161 cm Misure con cornice: 263x198x17 cm;L’Annunciazione è un apice della maturità di Scipione da Gaeta oltre che tra i capolavori sconosciuti di Capodimonte. Solo nell’ultimo allestimento del secondo piano della pinacoteca (S. Causa, P. Piscitello in Oltre Caravaggio 2022-2023, p. 54), l’accostamento all’Annunciazione di Francesco Curia proveniente dalla chiesa di Monteoliveto ha consentito, in un colpo, di farne emergere tutta l’importanza per la scena locale. L’accrochage nella sala 79, di seguito al moloch caravaggesco di San Domenico Maggiore, si propone come lettura critica atteso che Curia, del pittore di Gaeta, apparecchia un’intelligente, ma autonoma, rilettura. La foto in alta definizione della tavola di Gaeta provvista ora dal Museo (Google Art and Culture) consente di ingrandire una serie di dettagli di stupefacente presenza: dagli oggetti sulla sedia (le forbici e il ditale), le venature del legno della sedia e del leggio, fino alla stentorea natura morta del giglio a centro pagina e alla scrittura d’inarrivabile scioltezza della barba di Dio Padre (senza contare, in angolo, il cartiglio risvoltato con la firma su cui il maestro non ha dimenticato di dipingere la punta di rosso del sigillo in cera lacca). La meticolosa restituzione naturalistica di questo capolavoro del naturalismo tardo rinascimentale, testo chiave per la pittura a Napoli al passaggio tra Cinque e Seicento introduce, quasi didascalicamente, la nozione di “arte senza tempo” coniata da Federico Zeri in un celebre libro del 1957 intitolato, appunto, a Scipione da Gaeta.;38 - Q_1110
Q 669;Louis Finson;Annunciazione;1612;olio su tela;Misure senza cornice: 298x198 cm Misure con cornice: 302x203x6 cm (listello);"Firmata e datata nel pieno della maturità di questo che figura tra gli amici nordici del Caravaggio a Napoli, l’Annunciazione è l’unica pala chiesastica a noi pervenuta del pittore. Si trovava nella chiesa di San Tommaso d’Aquino, distrutta in epoca fascista nel 1932. Ne esiste un’altra versione, di formato minore (cm 172 x 107) nel Museo dell’Aquila, pure firmata e datata nel 1612. Una copia, forse antica, già nella chiesa della Santissima Annunziata di Atripalda, si conserva oggi nei depositi della Certosa di San Lorenzo a Padula. L’Annunciazione è uno dei testi chiave per indagare gli incrementi e le diversioni della scena locale a due anni dalla morte del Caravaggio (1610). Nel recente allestimento del secondo piano di Capodimonte, la tela è salita al centro parete tra due annunciazioni compagne, scalate di un decennio, di Scipione da Gaeta (1587) e del napoletano Francesco Curia (1596-1597) (S. Causa, P. Piscitello in Oltre Caravaggio 2022-2023, p. 33). Sistemata così, la sala 79 introduce una nuova prospettiva per la scena locale di secondo decennio, stabilendo la lettura critica di una congiuntura stilistica e culturale che travalica l’identità iconografica. A suo tempo, nella monografia sul Caracciolo, ragionai su come, pur con la sostituzione della Madonna col Bambino con il Dio Padre e angeli, la parte superiore della tela del Finson non sia che un calco caravaggesco (dalla Madonna delle Opere della Misericordia). Ma in confronto al modello di San Domenico Maggiore anteriore di un lustro, le ali sono come congelate e gli angeli puntati al muro con gli spilli; la colomba dello Spirito Santo sembra opera paziente da tassidermista e tutto scopre l’inossidabile armatura dell’ultimo romanista fiammingo più a suo agio nella cappella Sistina che nella cappella Cerasi. Pure l’animale era già comparso, difficile dire quando, nel Battesimo di Cristo del Caracciolo, oggi alla Quadreria dei Gerolamini. Tutte opere che spiegano come il caravaggismo napoletano sia, praticamente da subito e ancora vivo il maestro, una questione di interpretazione.";39 - Q699 Finson Annunciazione C033-25
Q 375;Artemisia Gentileschi;Annunciazione;1630;Olio su tela;Misure senza cornice: 257x179 cm Misure con cornice: 282x204 cm*;"La maggiore attenzione negli studi su Caravaggio e i caravaggeschi riguarda la figura di Artemisia Gentileschi, figlia d’arte, la cui cultura e significato sono stati definiti derivativi ed epigonici. Se la letteratura, il cinema e la storiografia femminista si sono impadroniti del suo ""personaggio"" a partire dal secondo dopoguerra, più lentamente si cerca di definire l'entità e la cronologia del suo lavoro, non immune dal sospetto di una sopravvalutazione. Capodimonte possiede la sua ""prima commissione napoletana superstite"" e il ""numero più alto [di opere] nel percorso partenopeo"". Nella pinacoteca, sullo stesso muro, sono esposte tre opere dello stesso soggetto, eseguite nell'arco di trent'anni: una di Scipione da Gaeta, una di Francesco Curia e, nel 1612, una di Louis Finson, uno degli amici nordici del Caravaggio.  Questa esposizione didascalica mostra come Artemisia, arrivata a Napoli all'inizio del decennio, abbia cercato di variare la rappresentazione tradizionale della scena. L'angelo e la Vergine non sono allineati in modo paratattico come nell'esemplare nordico di vent'anni prima, ma disposti in senso diagonale e in movimento. La centenaria studiosa Mina Gregori, allieva di Roberto Longhi (a cui si devono i primi saggi su Gentileschi padre e figlia, del 1916), fu tra le prime a sottolineare nel dipinto echi di maestri del tempo di Luigi XIII, in particolare di Simon Vouet, attivo a Roma e che aveva inviato dipinti a Napoli negli anni Venti. Il rapporto con il lessico cromaticamente chiaro dei francesi si rivela bene a Capodimonte, dove i ricchi panneggi dell’angelo non sfigurano rispetto all’analogo di Vouet con tunica e dadi (dalla serie di dodici eseguita nel 1627 per il cardinale Filomarino). Del resto, non c’è luogo migliore della pinacoteca napoletana per avallare confronti tra Artemisia, Vouet e Charles Mellin. Oltre trent'anni fa, l'autore si è impegnato in un'analisi più coraggiosa del rapporto di Artemisia con i napoletani, finora risolto solo in termini di ciò che lei ha dato. Tuttavia, l'impatto effettivo del lavoro della pittrice sembra oggi ridimensionato, in anni in cui a Napoli si potevano ammirare le tele di Ribera e gli affreschi di Stanzione (forse i più belli del tardo caravaggismo del secolo). A prescindere dai giudizi di valore, il quadro è un'istantanea della posizione di Artemisia in un'epoca in cui la scena locale mostra un cambio di marcia, orientato verso il Barocco, con l'arrivo dei bronzi di Giuliano Finelli per la cappella del Tesoro di San Gennaro.";40 - Q_375
 Q 192;El Greco;El soplon;1571-72;Olio su tela;Misure senza cornice: 60,5x50,5 cm Misure con cornice: 78x70x6 cm;"Il dipinto El soplòn o Ragazzo che accende una candela con un tizzone, è stato realizzato attorno al 1570-1572 da El Greco, cretese di nascita, vissuto tra Italia e Spagna, tra i pittori più innovativi della seconda metà del Cinquecento. La luce irradiata dal tizzone, unica fonte posta al centro della composizione, investe il volto imberbe e intento del protagonista, introducendo l’osservatore all’interno di una scena sottilmente misteriosa, resa attraverso una pittura pastosa e contrastata. L’opera, probabilmente realizzata su commissione della famiglia Farnese, evoca la tradizione veneziana nell’uso del colore, in particolare le lezioni di Tiziano, di Tintoretto e di Jacopo Bassano, apprese nel corso del soggiorno a Venezia (1567-1570). El Greco si dimostrò ricettivo e versatile, accogliendo successivamente le influenze classiciste dell’ambiente romano, frequentato tra il 1570 e il 1575, e dell’entourage del Cardinale Alessandro Farnese, cui fu presentato dall’artista Giulio Clovio. Proprio l’opera El soplòn suggerisce ascendenze da fonti diverse: una è ascrivibile alla cultura classica, per il riferimento al dipinto realizzato nel IV a.C. secolo dal rivale di Apelle, Antifilio di Alessandria, con medesimo tema, descritto da Plinio il Vecchio nella Naturalis Historia; l’altro modello è invece riconoscibile nelle composizioni di Bassano, nelle quali tale soggetto è inserito come figura marginale. Nel dipinto El soplòn, El Greco conferisce, invece, dignità al ritratto solitario e raccolto del giovinetto che emerge dal fondo buio, una scena quotidiana che consente di ammirare il virtuosismo tecnico dell’autore. Più favolistica e allegorica risulta la versione conservata al Museo del Prado, Una fábula, datata 1580 circa (inv. P7657), che presenta l’inserimento di altri personaggi: una scimmietta e un giovane uomo. Nei numerosi cambi di sede, da Palazzo Farnese di Roma, alla Pilotta di Parma, a Napoli e poi nuovamente a Roma nel 1799 come bottino di guerra, fino al definitivo ritorno a Napoli, al Palazzo degli Studi, e poi all’attuale sede, l’opera El soplòn è stata alternativamente attribuita a El Greco, a Clovio, a Gherardo delle Notti e, infine, ricondotta all’autore cretese ed esposta a Capodimonte, accanto ai grandi capolavori della collezione Farnese. ";41 - Q 192 El Greco_El Soplon-2603
Q 147;Sebastiano del Piombo (Sebastiano Luciani);Ritratto di Clemente VII senza barba;1526 ca.;olio su tela;Misure senza cornice: 145x100 cm Misure con cornice: 169,5x124x8,5 cm;Mesi prima che Roma fosse messa a sacco dai lanzichenecchi, cioè i mercenari al soldo dell’imperatore Carlo V, Clemente VII, al secolo Giulio de’ Medici, con berretto di velluto (il camauro) e una corta mantella (la mozzetta), siede contro uno sfondo indeterminato voltando lo sguardo di lato. Siamo intorno al 1526 e il pontefice sta posando per il veneziano Sebastiano Luciani, pittore formatosi con Giorgione e che, sceso a Roma, ha conquistato la stima di Michelangelo, diventando famoso come ritrattista. Sebastiano, che al tempo ha oltre quarant’anni ed è in procinto di impiegarsi alla piombatura dei documenti pontifici, onorerà al meglio l’occasione di arricchire l’iconografia ufficiale della famiglia Medici. L’artista e scrittore Giorgio Vasari, che attesta la bravura di Sebastiano nel fare ritratti “di tutta finezza e bontà”, vide questo dipinto nello studio del pittore (Vasari 1568). A Capodimonte si conserva un’altra effigie di Clemente: ma solo il viso di profilo, con barba e su lavagna (una tecnica in cui Sebastiano si specializzò al punto di suggerire a Michelangelo di rendere su pietra il Giudizio Universale nella Cappella Sistina). Mai prima, e raramente dopo, l’immagine di un pontefice aveva trasmesso un simile effetto di vigoria scultorea. Dinanzi al vicario di Cristo Sebastiano rispetta le dimensioni del viso, ma su un corpo che cresce illusionisticamente fino a scoppiare. Che gigante sarebbe si alzasse! L’esito strapotente è temperato dalle tinte dei vestimenti e della tunica che si arriccia di lato sulla porzione della sedia in evidenza. A centro quadro, come un paesaggio al tramonto, il rosso della mantella è battuto da ombre e serpentine chiare. Maestri veneti di nascita o adozione, da Battista Franco al Tintoretto al Greco stesso, proveranno a rimodulare l’indicibile ricchezza di un colore saturo e serotino, che si prolunga nel camauro guarnito di pelliccia. Il viso del papa, dalla pelle lievemente umida per la rasatura, è un tour de force di indagini luministiche che costringe ad aprire il dossier sul peso specifico di Sebastiano per il naturalismo seicentesco. In basso, la mano abnorme invade lo spazio reale e riequilibra la posa in senso michelangiolesco. Secondo lo scrittore e storico dell’arte Roberto Longhi questo ritratto fa parte di quei “capolavori di genere composito (drammi a chiave culturale tra due contrarie e altissime visioni figurative)” (Longhi 1946 [2017], p. 38). Si allude alla civiltà veneziana del colore e a quella tosco romana del perfetto contorno, mai così ben fuse in uno stesso quadro.;42 - Sebastiano del Piombo_Ritratto di Clemente VII_ph.L.Romano_0999
Q 373;Elemosina di santa Elisabetta d’Ungheria;Bartolomeo Schedoni;1611;Olio su tela ;Misure senza cornice: 180x128 cm Misure con cornice: 210x155x10,5 cm;"Elisabetta, figlia del re d’Ungheria Andrea II, sposa appena tredicenne Ludovico, figlio ed erede del sovrano di Turingia. A vent’anni, già vedova, diviene francescana dell’ordine delle terziarie, si spoglia dei propri averi e destina i suoi sforzi e gli ultimi anni di vita – morirà a soli 24 anni nel 1231 – alla costruzione di un ospedale a Marburgo, ove sostenere i poveri e gli ammalati. Il soggetto del dipinto, individuato storicamente come Carità, è stato precisato nella monografia di Negro e Roio (2000) come Elemosina di santa Elisabetta d’Ungheria e rappresenta il Miracolo delle rose, uno dei due eventi che favorirono la canonizzazione della santa nel 1235. Di nascosto dal marito, che non condivideva il sentimento caritatevole della moglie, in tarda notte Elisabetta, celati i capelli biondi con un turbante, girava per la città offrendo il pane ai poveri e agli infermi. Scoperta dal consorte, che le intima di mostrargli cosa porti in grembo, la donna invoca il Signore, e osserva miracolosamente il pane trasformarsi in rose; così poté proseguire le sue opere di carità. Nel dipinto, la figura femminile si rivolge a tre personaggi, che simboleggiano le categorie di bisognosi: l’ammalato (il cieco, dettagliatamente descritto nella sua patologia), il povero questuante, che tende il cappello, e il bambino, in primo piano, che rappresenta un orfano, forse alludendo all’opera di misericordia del vestire gli ignudi. È possibile che la tela nasca come ex voto per la nascita di Alessandro Farnese, il 5 settembre del 1610, a dieci anni dal matrimonio tra Ranuccio e Margherita Aldobrandini. È documentato che, all’indomani del parto, per festeggiare, la coppia aveva elargito per diversi giorni elemosine ai bisognosi. Bartolomeo Schedoni, artista ufficiale dal 1607 della corte di Ranuccio I Farnese, duca di Parma e Piacenza, lavorò per la famiglia tra Modena e Parma, sviluppando un linguaggio originale che coniuga i modi morbidi e soffusi della pittura di Correggio con sorprendenti effetti di realismo.";43 - Q_373
Q 290;Bernardo Cavallino;La Cantatrice;1645 ca.;olio su tela;Misure senza cornice: 75x64 cm Misure con cornice: 95x78 cm;Dinanzi al ritratto della Cantatrice si resta affascinati, se non ammaliati, dalla grazia attraverso la quale la fanciulla posa lo sguardo su chi la osserva, mentre, dalle labbra appena schiuse, una soave melodia pare espandersi nell’aria. La giovinetta nell’ovale, considerata dalla critica personificazione stessa dell’arte del canto, è ritratta leggermente di tre quarti, in modo che la luce e l’ombra possano alternarsi e definirne i tratti del viso. La chioma, descritta attraverso impalpabili pennellate sulla veste, è morbidamente accolta in una piccola treccia trattenuta vezzosamente tra le mani. L’elegante gestualità di queste ultime, poste in primo e realizzate con grande maestria attraverso luminosi tocchi di colore rosso sulla punta delle dita, accompagna armoniosamente il canto della fanciulla. Il ritratto, proveniente da una collezione privata, ha avuto inizialmente una complessa vicenda attributiva ed è stato definitivamente restituito al Cavallino nel 1920 da Roberto Longhi. Considerata tra le opere più rappresentative della maturità del pittore ed uno degli esempi più alti della ritrattistica secentesca, è databile intorno alla fine degli anni quaranta del Seicento, quando lo stile di Cavallino risente ancora dell’influenza del pittoricismo veneto. Nella tela il colore vibrante diviene protagonista, trovando espressione nei toni accesi del drappeggio rosso sullo sfondo, nella calda tonalità della veste di seta marrone, impreziosita dalla camicia in merletto bianco. Alcuni studiosi hanno considerato la Cantatrice di Capodimonte un pendant della Suonatrice di clavicembalo del Museo di Lione, in considerazione di varie similitudini tra le due opere quali le dimensioni, il taglio ovale della cornice, nonché la somiglianza tra i volti e la posa delle due fanciulle. Negli anni l’ipotesi non è stata unanimemente accettata dalla critica, e alcuni storici sono dell’opinione che i due dipinti siano stati realizzati in momenti diversi, con la tela di Lione da considerarsi più tarda, quando l’influenza del classicismo di Charles Mellin e di Nicolas Poussin diviene più pregnante sullo stile del maestro napoletano.;44 - Bernardo Cavallino_La Cantatrice_ph.L.Romano_10817
Q 1795*;Bernardo Cavallino;Santa Cecilia in estasi;1645;olio su tela;Misure senza cornice: 189x129 cm Misure con cornice: 208x157x10 cm;L’iconografia della Santa Cecilia in estasi di Cavallino ha come riferimento la Legenda Aurea secondo cui la martire romana fu incoronata da un angelo con una ghirlanda di rose e gigli che non sarebbero mai appassiti. Santa Cecilia, colta nel momento dell’estasi che la rapisce, ha lo sguardo rivolto verso l’alto e le mani tese lasciando cadere il violino e lo spartito musicale, suoi attributi iconografici. Venerata come patrona dei musicisti e dei cantanti, in un passo della leggendaria Passio si legge, infatti, che ella, mentre gli organi suonavano, nel suo cuore cantasse gli inni al Signore. La tela fu realizzata per l’altare della chiesa di Sant’Antonio a Port’Alba, ed è probabile che la scelta del soggetto sia legato alle attività di canto e musica che dovevano svolgersi presso l’annesso convento di monache francescane. È l’unica opera nota di Cavallino firmata e datata 1645, sul dorso in pergamena del libro ai piedi della scena, ed era destinata ad essere esposta in un luogo pubblico, per questi motivi rappresenta un unicum nella produzione artistica del pittore, tradizionalmente impegnato in opere di formato ridotto destinate ad una committenza privata. Rimossa dalla chiesa probabilmente a seguito della soppressione degli ordini monastici di epoca francese, la tela entrò a far parte di importanti collezioni napoletane fino al 1941, quando fu venduta alla Germania di Hitler. Recuperata dal Governo italiano, fu assegnata al Museo di Capodimonte nel 1984. Qui è conservato anche il bozzetto dell’opera, proveniente dalla Sagrestia della stessa chiesa considerato, sia dalla critica più antica (De Dominici, 1742) che da quella più recente, qualitativamente superiore al quadro finito per un più alto livello di quel “pittoricismo” (Spinosa 2013) ed eleganza formale che segnarono la svolta pittorica del pittore a partire dagli anni della realizzazione di queste opere. La datazione della Santa Cecilia e del suo bozzetto preparatorio consente, infatti, di ascrivere agli anni Quaranta il passaggio di Cavallino ad una nuova maniera pittorica che inizia a discostarsi dalla fase giovanile, dove erano stati determinanti gli esempi naturalistici di Ribera e di Aniello Falcone. Un naturalismo che resta nelle solide figure in primo piano dove, adesso, la pennellata si fa più morbida, fluida, e quasi si esaspera in un abbozzo nell’angelo a sinistra, quasi incorporeo, anticipo di analoghe figure delle sue opere più tarde. La strada di un maggiore pittoricismo è segnata dall’uso di effetti luministici non per plasmare le forme ma per esaltare la gamma cromatica e contribuire alla resa materica. La veste giallo oro della Santa, il raffinato mantello di broccato blu, l’abito grigio verde opaco dell’angelo, il rosso opaco della veste dell’angelo musicante mostrano un colorismo più prezioso e accostamenti più delicati. Determinanti furono le suggestioni che sul pittore ebbero le opere di Artemisia Gentileschi e le correnti neovenete diffuse in area mediterranea, soprattutto attraverso le opere di Giovan Benedetto Castiglione detto il Grechetto documentato a Napoli nel 1635. L’eleganza formale e la resa espressiva addolcita dei personaggi rimandano invece alle soluzioni di Massimo Stanzione e di Simon Vouet.;45 - Bernardo Cavallino_Santa Cecilia in estasi_ph.Luciano Romano__6811
Q 106 Collezione Farnese;Correggio (Antonio Allegri);Sposalizio mistico di santa Caterina;1517-1518 ca;olio su tavola;Misure senza cornice: 28,5x24 cm Misure con cornice: 78,50x55 cm;Secondo una Conversio dell’VIII sec. d.C., nella prima notte dopo aver ricevuto il battesimo, Caterina, nobile bella e colta vissuta ad Alessandria d’Egitto e ivi martirizzata nel 305 d.C., ebbe la visione della Madonna con in grembo il Bambino Gesù, il quale le infilò al dito un anello, facendola sua sposa. L’iconografia delle nozze mistiche della santa viene ripresa da Correggio in maniera intimista, tenera e affettuosa, incentrata sul gioco delle mani e degli sguardi dei personaggi, sottolineato da un raffinato gioco di luci e ombre e di stesure vivide di colore. Caterina è identificata dalla palma del martirio nella mano destra e dalla spada in basso, con la quale fu decapitata a seguito del supplizio della ruota dentata. La datazione dell’opera oscilla tra il 1517 e il 1518, per il tratto sinuoso e indefinito e la brillante e nervosa fragilità vicini alle esperienze del primo manierismo senese (Michelangelo Anselmi, Domenico Beccafumi), e il 1520-1521, dopo un supposto, ma non documentato, viaggio a Roma dell’artista, che risente della produzione di Raffaello in città, derivandone una maggiore introspezione psicologica e una accurata riflessione sul movimento e la dinamicità delle figure (sulla questione cfr. M. Santucci in Correggio 2008-2009, pp. 187-188, cat. II, 28). Il dipinto apparteneva alla collezione della contessa emiliana Barbara Sanseverino, che lo definì “piccolo, ma gioia di estrema bellezza” in una nota del 1596 con cui l’offriva a Vincenzo Gonzaga, marchese di Mantova. Il proposito non ebbe seguito, dal momento che lo Sposalizio fu requisito ai Sanseverino per entrare a far parte delle collezioni farnesiane nel 1612, a seguito della confisca dei beni da parte dei feudatari che avevano congiurato contro i Farnese (P. Leone de Castris in Museo e Gallerie Nazionali di Capodimonte 1994, pp. 149-150).;46 - Q 106 Correggio_Sposalizio mistico di Santa Caterina_Capodimonte_ph.L.Romano_7235
PR 319 Collezione Farnese (proprietà Palazzo Reale di Napoli, in consegna a Capodimonte dal 1957);Annibale Carracci;Sposalizio mistico di Santa Caterina;Post 1585;Olio su tela;Misure senza cornice: 160 x 128 cm Misure con cornice: 206,5x175,5x18 cm; La scena delle nozze mistiche di santa Caterina con Gesù Bambino sorretto in grembo dalla Vergine, secondo una diffusa iconografia derivata dai testi agiografici, è ambientata, alla presenza di due angeli, in uno spazio indefinito tra le nuvole, che in alto a destra prendono la forma di putti. La ruota dentata del martirio, attributo iconografico della santa, si intravede appena nell’angolo inferiore sinistro del dipinto, quasi per non turbare la narrazione dell’evento prodigioso. Lo Sposalizio di Napoli ha un ruolo centrale nel primo sviluppo di Annibale, che, nella tenerezza della fattura, nel misto di verità naturalistica e raffinatezza esecutiva, nel rifiuto dei formalismi manieristici, mostra la piena riflessione sui portati della grande tradizione emiliana cinquecentesca, in particolare Correggio, da cui mutua il morbido sfumato, la dolcezza e la grazia, e Parmigianino, nella resa preziosa dei particolari, soprattutto nelle vesti aristocratiche della santa. Il dipinto viene concordemente datato tra la Pietà con i santi Francesco, Chiara e Maria Maddalena eseguita da Annibale per i Cappuccini di Parma nel 1585 (oggi a Parma, Complesso Monumentale della Pilotta, Galleria Nazionale) e l’Assunzione per la confraternita di San Rocco a Reggio Emilia del 1587-1588 (oggi a Dresda, Gemäldegalerie Alte Meister). Eseguito per il duca Ranuccio Farnese, lo Sposalizio fu portato dall’artista a Roma qualche anno dopo, nel 1594, quale “biglietto di presentazione” per il cardinale Odoardo, fratello del duca (P. Leone de Castris in Museo e Gallerie Nazionali di Capodimonte 1994, pp. 118-122). Ricordata come di Annibale Carracci nelle fonti e negli inventari farnesiani, l’opera perse questa attribuzione con il trasferimento della collezione Farnese da Parma a Napoli, e fu variamente riferita ad Agostino Carracci, poi al cugino Ludovico, a Marco Vecellio, figlio di Tiziano, e, infine, a Giulio Cesare Procaccini “imitante il Correggio”. Fu finalmente restituita su base stilistica e documentaria ad Annibale Carracci da Ferdinando Bologna (1956), con consenso unanime della critica. Se ne conoscono due copie, conservate una alla Galleria Nazionale di Parma (inv. GN 174) e una al Musée des Beaux-Arts et d’Archéologie di Besançon, attribuita a Leonello Spada. ;47 - SOTTOCONSEGNA PALAZZO REALE PR 319 Annibale Carracci_Sposalizio mistico di Santa Caterina_Capodimonte_ph.L.Romano_2297
Q 255;Mattia Preti;Giuditta e Oloferne;1653-54 ca.;olio su tela;Misure senza cornice: 188x142 cm Misure con cornice: 217x174x11 cm;"A rigore non è la prima volta che la Giuditta e Oloferne, capolavoro del tempo napoletano di Preti oltreché tra gli highlights delle raccolte di Capodimonte, compare in mostra a Venaria Reale. Collocabile nei primi anni Cinquanta, la tela è tra le più alte interpretazioni che abbia fornito del tema la cultura tardo barocca. Stabile nell’antologia napoletana – come si evince elencando le esposizioni cui è stata convocata, a finire con quella tenutasi proprio qui, undici anni fa (2013) – è un campione delle attitudini stilistiche e mentali di Preti a Napoli (1653-1661). Sulla prima destinazione da stanza per un avvocato calabrese familiare del pittore, Domenico Di Somma, ci illumina il testamento del committente (1659); sappiamo anche di un ulteriore passaggio di mano per eredità finché, nell’estate 1685, la tela migra su una delle pareti laterali di San Domenico Soriano a Napoli, chiesa della nazione calabrese. Ai primi dell’Ottocento, con la soppressione del patrimonio ecclesiastico, cominciò la musealizzazione dell’opera (dal Palazzo degli Studi, poi Real Museo Borbonico fino all’attuale ubicazione). Rivolto verso l’alto, lo sguardo di Giuditta esclude lo sguardo dell’osservatore (posto ad altezza del corpo riverso del generale assiro). Nello sconfessare la convenzione, propriamente caravaggesca, tesa a privilegiare gli elementi, diciamo così, di oltraggio fisico e animalità, della scena; Preti preferisce indugiare sugli attimi successivi allo scannamento. Studiato nei cicli romani e napoletani, è come sempre Lanfranco il motore di questa attivazione dinamica dei nodi narrativi. Il taglio della composizione, tra i più audaci del secolo, costituisce il punto di forza di un dipinto su cui gli artefici locali, da Luca Giordano in giù, non smetteranno di interrogarsi. Superata di poco la metà del secolo, la Giuditta rivela Preti in sintonia appunto con Giordano, impegnato nelle tele di San Pietro ad Aram (1654) e nel Miracolo di San Nicola di Bari per Santa Brigida (1655).";48 - Mattia Preti_Giuditta e Oloferne_ph.Luciano Romano_8691
Q 309;Pietro Novelli detto il Monrealese;Giuditta e Oloferne;1637 post;olio su tela;Misure senza cornice: 241x167 cm Misure con cornice: 266x192x10 cm;"Prima del trasferimento in pinacoteca più di vent’anni fa, la tela arricchiva il comparto secentesco, non solo meridionale e vicereale, delle raccolte di Palazzo Reale a Napoli. In sala XVII era esposta insieme a pittori di varia provenienza come lo Spadarino, Andrea Vaccaro, Johann Liss e lo stesso Gerard van Hontorst (Causa Picone 1987, p. 80). Nel riallestimento del secondo piano di Capodimonte (2022) il quadro di Novelli completa una parte dedicata al tema di Giuditta: insieme alle versioni di Artemisia Gentileschi e Preti, oggi pure esposte a Venaria. Una possibile datazione nei primi anni Trenta lo segnala come una delle tracce più vivide e impattanti del seguito di Ribera nel Viceregno. La resa delle superfici e delle luci – dal tour de force del nudo ai lustri sugli inserti delle armi in angolo – attinge alle risorse di un virtuosismo che, da noi, si confronta con il coetaneo Andrea Vaccaro (1604-1670) e, tra poco, parrà irrinunciabile ad artigiani della qualità come Antonio De Bellis o lo stesso Bernardo Cavallino. Se tutta la composizione è misurata in ogni punto fin, quasi, si direbbe, a un sospetto di accademismo (non sembra qui Novelli, alla lontana, una sorta di Alessandro Turchi napoletano?); più che al prototipo caravaggesco, la posa e il disegno del corpo muscolato del generale rimandano all’Oloferne michelangiolesco aggrappato alla tenda alla Sistina. L’abiura alla bella pittura che caratterizza l’ultimo Caravaggio (1606-1610) cede il passo a una ripresa dello ‘stile’. Quella di Ribera è rotondamente la lingua matrice: anche se è piuttosto dalla mediazione di opere come questa di Novelli che comprimari di spinta come Giovanni Ricca saranno risaliti ai capolavori centrali del maestro spagnolo, a partire dal 1626. Per due decenni – fino al salto di livello imposto dalla versione, pure qui esposta, di un altro grande maestro regnicolo come Mattia Preti – la scena locale inclina verso la redazione del tema biblico che offre il più importante dei maestri siciliani. Benché non accertato, pare da porre intorno al 1631-1632 il viaggio del Monrealese a Napoli e, d’altronde, gli specialisti concordano nel riconoscere nel dipinto un’aria di famiglia napoletana. Si tratta, appunto, di specificarne i termini. Per nulla peritoso Novelli reagisce a quel cartellone delle poetiche mature del Ribera costituito dalla Trinità terrestre e i santi Bruno, Benedetto, Bernardino e Bonaventura, firmata nel 1630, oggi a Capodimonte, ma proveniente dalla chiesa annessa al convento della Trinità delle Monache a Napoli. La contiguità con la tela appare così stretta da far ipotizzare un’esecuzione non troppo distante (immediato il confronto tra la Madonna e l’assistente di Giuditta). L’acme della fortuna del dipinto va segnalata nella convocazione alla rassegna Civiltà del Seicento a Napoli (Napoli 1984-1985); per l’occasione comparvero altre due opere del maestro siciliano (il Miracolo di San Francesco Saverio e la più tarda Trinità invia l’Arcangelo Gabriele alla Vergine). La nostra Giuditta si data verso la metà degli anni 1630; o in avvio di decennio. Altri la mette più avanti: verso il 1640 (Spinosa 2010 indica, in collezione Martinez a Palermo, un’altra tela di Novelli con lo stesso soggetto).";49 - Q_309
Inv. Q 254 Acquisto 1906 (da Napoli, collezione Colonna di Stigliano);Mattia Preti;Convito di Assalonne;1668 ca.;olio su tela;Misure senza cornice: 209x297 cm Misure con cornice: 228x318,5x10 cm;"Il dipinto è incentrato sul momento, narrato nel Libro di Samuele in cui, durante un banchetto, Assalonne figlio di Davide ordina ai domestici: “Badate, quando Amnon avrà il cuore allegro per il vino e io vi dirò: Colpite Amnon!”, voi allora uccidetelo e non abbiate paura […]. I domestici di Assalonne fecero ad Amnon, come Assalonne aveva comandato (Libro di Samuele, II, 13-23-29). A non troppi anni dalla morte di Preti (1699) un testimone avveduto, finissimo critico dello stile, come Bernardo De Dominici era già in grado di prendere le giuste misure a questo e ad altri lavori emblematici della maturità del maestro: “grandiose di componimenti e di eroica maniera, con ottimo intendimento prospettico, degradazione di tinte, ed accidenti di lumi, niente inferiori a quel gran maestro [Veronese]” (De Dominici 1742-1745 [2003-2014], 3.1, p. 597). Argomentata intorno alla metà del Settecento, da chi era cresciuto nell’orbita di Francesco Solimena la lettura in chiave neo veneta di questo dipinto, tra i cardini del linguaggio maturo di Preti, è da accettare; ed è stata sostanzialmente accolta dalla critica moderna, a far capo, tra i più ispirati, da Raffaello Causa. Forse il punto di svolta nella fortuna moderna di questo dipinto, restaurato nel 1998 e che, in tempi di ubriacature caravaggesche, appare oggi di lettura più ostica di quanto non fosse decenni fa, è infatti costituito dall’illustrazione a colori (semi staccabile dalla pagina) nella carrellata sui napoletani, da Colantonio a Migliaro, approntata a Bergamo dal giovane Causa (1957). Sulla falsariga del De Dominici Causa parla, appunto, di “libero estrinsecarsi delle esperienze luministiche […] in una decorazione più ampia e illusiva”. Significativo che, nella tavola successiva, Causa scegliesse di illustrare il Banchetto di Erode di Giordano, pure di Capodimonte. I dipinti sono accomunati nello sforzo di riambientare, settant’anni dopo, il fare ampio di Veronese e di un fiammingo italianizzante come Rubens, con una materia diversa. A distanza di dieci anni non apparirà meno rilevante, ai fini della divulgazione popolare, la foto a colori ne I seguaci del Caravaggio a Napoli numero 222, dove il dipinto compare con due parole, quelle giuste: “la vecchia lezione caravaggesca è ripresentata in sonanti accenti scenografici”. Negli ultimi decenni mentre gli studi sul Preti (e sul fratello maggiore Gregorio, anch’egli pittore) si sono infittiti in coda alle ricerche sul caravaggismo; la letteratura sul dipinto e sul pendant con il Banchetto di Baldassarre, pure a Capodimonte e qui esposto, ha segnato il passo. Una cronologia mediana, alla fine del soggiorno napoletano, è rimarcata nell’ultima monografia sul maestro (Sciberras 2020). In qualche modo il titolo della recente esposizione a Seattle e a Forth Worth (2020) Flesh & Blood, carne e sangue, in cui il dipinto, e quello compagno sono stati esposti, ne rimarca implicitamente il valore naturalistico a segno di una matrice caravaggesca in senso napoletano, sopita, ma mai rinnegata.";50 - Q_254
Q 263;Mattia Preti;Convito di Baldassarre;1668 ca.;olio su tela;Misure senza cornice: 204x307 cm Misure con cornice: 232x328x9 cm;"Va in scena il culmine del banchetto di Baldassarre narrato nel cosiddetto racconto biblico della scritta: “Quando il re ebbe molto bevuto comandò che fossero portati i vada d’oro e d’argento che Nabucodonosor suo padre aveva asportati dal tempio, che era in Gerusalemme, e il re, i suoi grandi, le sue moglie e le sue concubine li usarono per bere; mentre bevevano il vino, lodavano gli dei d’oro, d’argento, di bronzo e di ferro, di legno e di pietra. In quel momento apparvero le dita di una mano d’uomo le quali scrivevano sulla parete della sala reale, di fronte al candelabro” (Daniele, 5-8). Tra le vedettes di Capodimonte il Banchetto di Baldassarre è un campione del soggiorno napoletano del Preti (1653-1661) anche in ordine ad una nuova complessità spaziale; i punti di vista si moltiplicano mentre il dipinto obbliga lo spettatore a spostarsi di continuo per coglierne gli spunti sottotraccia e gli aumenti di volume. I piani sequenza, statici e ravvicinati, delle cene caravaggesche cui lo stesso Preti – in primis col fratello Gregorio anch’egli pittore – aveva partecipato nella giovinezza romana - sono ripotenziati, fino a farli esplodere. Si è parlato, volta a volta, di “naturalismo monumentale” e “grande maniera” (di recente Sciberras 2020, p. 83). L’eredità lagunare dei maestri del colore è la matrice di questo up grade drammatico, come fu chiaro agli stessi contemporanei del maestro. Ma Preti si riaffaccia ai grandi banchetti del Veronese tramite la mediazione degli scorci e dei sottinsù messi a punto da un cruciale pittore parmense come Giovanni Lanfranco (studiato a Roma e rincontrato dal Preti nelle opere napoletane). La recente collocazione del dipinto nella sala 101, al secondo piano di Capodimonte, nonché assodare, se ce ne fosse bisogno, il valore della tela nel momento di massima acuzie del barocco meridionale, ha il pregio di sottolinearne in particolare gli spunti, vicendevolmente fruttuosi, per un altro maestro, più giovane di vent’anni, Luca Giordano, autore, nel 1659, della Santa Lucia condotta al martirio, lì esposta. È molto dubbio, tuttavia, che queste opere, da sempre tra le più celebrate del tour seicentesco di Capodimonte possano incontrare il gusto di oggi, largamente improntato al realismo caravaggesco.";51 - Q_263
Q 1719;Luca Giordano;Martirio di Santa Lucia;1659;Olio su tela;Misure senza cornice: 143 x 193 cm Misure con cornice: 168 x 218 cm;Lucia di Siracusa, secondo le fonti, vergine e martire, votatasi alla castità e alla povertà, denunciata come cristiana dal promesso sposo pagano, morì intorno al 304 d.C. durante le persecuzioni di Diocleziano dopo essere stata sottoposta ai più atroci tormenti. La tela rappresenta Santa Lucia condotta al martirio. L’artista ambienta in un arioso loggiato la scena in cui la santa non riesce ad essere spostata, nonostante gli sforzi, dai suoi aguzzini. Si compie il prodigio dell’inamovibilità: il corpo della giovane fanciulla diviene immobile e pesante e per quanto i soldati si adoperino per trascinarla via, legandola con delle funi a una schiera di buoi, i loro sforzi appaiono inutili. Di grande impatto scenografico, il taglio ravvicinato e il punto di vista enfatizzano la drammaticità della scena e la concitazione dei gesti dei soldati che, a braccia tese fino allo spasmo, si affannano inutilmente a condurre via a forza la santa. Lucia, con la spalla nuda e il seno solo parzialmente coperto, rivolge il suo sguardo malinconico ma velatamente languido al cielo. La tela proviene dalla ricca collezione del marchese Nicola Santangelo (1785-1851), Ministro degli Interni di Ferdinando II di Borbone dal 1831 al 1847, esposta a Napoli nel palazzo di Diomede Carafa duca di Maddaloni, che venne acquistato dalla famiglia Santangelo nel 1815. Il dipinto fu successivamente, in data imprecisata, comprato dai signori Esposito, in quanto viene elencato – anche se in modo erroneo indicato come una Sacra Famiglia – in una controversia, sorta nel 1938 tra gli eredi di questi ultimi e lo Stato italiano, che si risolse a favore dell’acquisizione nelle collezioni pubbliche. Dal 1957 il dipinto entra a far parte delle collezioni museali di Capodimonte, dove, a seguito di restauro, nello stesso anno, si rivela la presenza della data e della firma dell’autore in basso a sinistra: Jordanus f. 1659. Una tela di uguale soggetto, con iconografia più facilmente identificabile, grazie alla presenza dei buoi, fu segnalata da Ferdinando Bologna in collezione Canessa a Milano, con una datazione di poco antecedente alla tela di Capodimonte. Una copia, forse di bottega, del dipinto di Capodimonte comparve in una vendita della galleria Canessa di Napoli nel 1928 con l’attribuzione a Mattia Preti e l’identificazione del soggetto come Martirio dei cristiani.;52 - Q_1719
Q 1086;Battistello Caracciolo;Fuga in Egitto;1622/25;Olio su tela;Misure senza cornice: 109 x 151 cm Misure con cornice: 126 x 167 cm;"Al centro di un’ultimissima mostra monografica, Battistello Caracciolo, formatosi soprattutto come disegnatore e frescante alla fine del Cinquecento, è ritenuto tra i più antichi seguaci del Caravaggio (a Napoli per due volte, nel 1606 e nel 1609) e rimane quanto di più simile ad un allievo il maestro lombardo avesse mai avuto. La sua fortuna moderna comincia quando il venticinquenne Roberto Longhi gli dedica un saggio, in due puntate (1915). Il dipinto entra dalla porta grande degli studi (e delle ribalte popolari) quando, proveniente da una collezione napoletana, fu esposto nella rassegna sui tre secoli della pittura napoletana, dal Sei all’Ottocento, tenutasi in Castelnuovo a Napoli in piena epoca fascista (1938). Entrato a Capodimonte, il quadro non è mai decaduto dagli studi sul pittore. Si tratta in effetti dell’unico Battistello presente sin dal primo assetto della pinacoteca (1957). Lo scrittore e storico d’arte Raffaello Causa, che fu tra i primi interlocutori longhiani a interessarsi al pittore, lo riteneva del 1622. Nel nuovo allestimento della pinacoteca (2022) il quadro affianca il Cristo che scaccia Satana di Preti e l’altro Caracciolo con l’addio alla Vergine. L’accostamento non sembra gratuito. Se i tagli scorciati e il dinamismo di questi capannelli a mezze figure di Battistello fanno già sentire dietro la porta il Preti, i cui esordi sono contesti di ricordi del caravaggismo napoletano; pure tendiamo a vedere i dipinti di Battistello attraverso la lente iper barocca del gran maestro regnicolo. Il confronto con la cerchia degli scultori toscani a Napoli tra Cinque e Seicento – da Pietro Bernini al meno noto Michelangelo Naccherino – avanzato in più riprese da chi scrive fin dal 1991, è stato plasticamente ribadito quando, nell’esposizione sul Caracciolo, la Fuga in Egitto è comparsa nella sala centrale vicino al ritratto in bronzo di Fabrizio Pignatelli di Monteleone del Naccherino (1607-1609). Il quadro ha ricevuto varie datazioni: perlopiù nel corso degli anni Dieci. Ma sebbene Battistello abbia una cronologia tutt’altro che facile una datazione a fine secondo decennio pare, tuttora, la più verosimile.";53 - Q_1086
